First Name,Last Name,Phone Number,Email,Password,Username
Imtiaz,Hussain,13535941266,imtiazhussain@gmail.com,1234,imtiazhussain
Zubair,Ahmed,81805522884,zubairahmed@gmail.com,1234,zubairahmed
Fariha,Khan,73775716588,farihakhan@gmail.com,1234,farihakhan
Rizwan,Malik,69982762929,rizwanmalik@gmail.com,1234,rizwanmalik
Ayesha,Bibi,46122294490,ayeshabibi@gmail.com,1234,ayeshabibi
Jawad,Iqbal,79835349230,jawadiqbal@gmail.com,1234,jawadiqbal
Bushra,Haider,78884675198,bushrahaider@gmail.com,1234,bushrahaider
Arslan,Raza,39537173147,arslanraza@gmail.com,1234,arslanraza
Saba,Rehman,36630465902,sabarehman@gmail.com,1234,sabarehman
Kashif,Ali,84421592813,kashifali@gmail.com,1234,kashifali
Nazia,Khan,47992162855,naziakhan@gmail.com,1234,naziakhan
Usman,Abbas,03951409365,usmanabbas@gmail.com,1234,usmanabbas
Sadia,Ahmed,20458270579,sadiaahmed@gmail.com,1234,sadiaahmed
Ahmed,Rafique,15949541285,ahmedrafique@gmail.com,1234,ahmedrafique
Amina,Saeed,99153803955,aminasaeed@gmail.com,1234,aminasaeed
Junaid,Khan,14499821311,junaidkhan@gmail.com,1234,junaidkhan
Shabana,Nawaz,59229524534,shabanawnawaz@gmail.com,1234,shabanawnawaz
Hamza,Ahmed,23537781295,hamzaahmed@gmail.com,1234,hamzaahmed
Nadia,Ali,16901910471,nadiaali@gmail.com,1234,nadiaali
Shoaib,Malik,40643311523,shoaibmalik@gmail.com,1234,shoaibmalik
Saima,Aslam,47290047755,saimaaslam@gmail.com,1234,saimaaslam
Asad,Iqbal,44773284892,asadiqbal@gmail.com,1234,asadiqbal
Mariam,Khan,24604709792,mariamkhan@gmail.com,1234,mariamkhan
Kamran,Ali,30730640341,kamranali@gmail.com,1234,kamranali
Zainab,Malik,67391958472,zainabmalik@gmail.com,1234,zainabmalik
Ahmed,Riaz,52417295100,ahmedriaz@gmail.com,1234,ahmedriaz
Ayesha,Khan,76004653456,ayeshakhan@gmail.com,1234,ayeshakhan
Sana,Iqbal,01195833561,sanaiqbal@gmail.com,1234,sanaiqbal
Bilal,Ahmed,02617876457,bilalahmed@gmail.com,1234,bilalahmed
Khadija,Khan,08110213926,khadijakhan@gmail.com,1234,khadijakhan
Ali,Hussain,06134613877,alihussain@gmail.com,1234,alihussain
Rabia,Ahmed,50528186838,rabiaahmed@gmail.com,1234,rabiaahmed
Khalid,Khan,79032441603,khalidkhan@gmail.com,1234,khalidkhan
Amina,Nawaz,98712694633,aminanawaz@gmail.com,1234,aminanawaz
Hamza,Iqbal,91452849766,hamzaiqbal@gmail.com,1234,hamzaiqbal
Sadia,Ali,05102300433,sadiaali@gmail.com,1234,sadiaali
Sara,Khan,15967670165,sarakhan@gmail.com,1234,sarakhan
Adnan,Ahmed,03607760013,adnanahmed@gmail.com,1234,adnanahmed
Nazia,Riaz,99359459454,naziariaz@gmail.com,1234,naziariaz
Zahid,Malik,15365492952,zahidmalik@gmail.com,1234,zahidmalik
Nadia,Iqbal,24880778831,nadiaiqbal@gmail.com,1234,nadiaiqbal
Asim,Ahmed,09127764996,asimahmed@gmail.com,1234,asimahmed
Maryam,Riaz,80221194053,maryamriaz@gmail.com,1234,maryamriaz
Hassan,Khan,78795199033,hassankhan@gmail.com,1234,hassankhan
Ayesha,Malik,11003954173,ayeshamalik@gmail.com,1234,ayeshamalik
Arslan,Iqbal,00934166466,arslaniqbal@gmail.com,1234,arslaniqbal
Sadia,Hussain,07738793048,sadiahussain@gmail.com,1234,sadiahussain
Ahmed,Ali,00743988613,ahmedali@gmail.com,1234,ahmedali
Nida,Khan,72519067840,nidakhan@gmail.com,1234,nidakhan
Tariq,Hussain,45995446349,tariqhussain@gmail.com,1234,tariqhussain
Zara,Ahmed,68607858485,zaraahmed@gmail.com,1234,zaraahmed
Amina,Iqbal,42365106713,aminaiqbal@gmail.com,1234,aminaiqbal
Sadia,Khan,79813095759,sadiakhan@gmail.com,1234,sadiakhan
Ahmed,Haider,44727578538,ahmedhaider@gmail.com,1234,ahmedhaider
Bushra,Malik,46869480102,bushramalik@gmail.com,1234,bushramalik
Ayesha,Ahmed,33011519512,ayeshaahmed@gmail.com,1234,ayeshaahmed
Muneeb,Khan,47552297307,muneebkhan@gmail.com,1234,muneebkhan
Nadia,Malik,14742961315,nadiamalik@gmail.com,1234,nadiamalik
Saba,Hussain,89616537378,sabahussain@gmail.com,1234,sabahussain
Ali,Khan,12446316916,alikhan@gmail.com,1234,alikhan
Nida,Ahmed,40021208681,nidaahmed@gmail.com,1234,nidaahmed
Nadia,Hussain,06856766876,nadiahussain@gmail.com,1234,nadiahussain
Amina,Malik,69888651473,aminamalik@gmail.com,1234,aminamalik
Zahid,Ahmed,71105614613,zahidahmed@gmail.com,1234,zahidahmed
Hassan,Ahmed,86072361002,hassanahmed@gmail.com,1234,hassanahmed
Nazia,Malik,40778233137,naziamalik@gmail.com,1234,naziamalik
Zahid,Khan,80906231351,zahidkhan@gmail.com,1234,zahidkhan
Ayesha,Ali,13458301199,ayeshaali@gmail.com,1234,ayeshaali
Sadia,Iqbal,15523434889,sadiaiqbal@gmail.com,1234,sadiaiqbal
Ahmed,Khan,09492128112,ahmedkhan@gmail.com,1234,ahmedkhan
Saba,Malik,41506220404,sabamalik@gmail.com,1234,sabamalik
Zahid,Iqbal,50441150802,zahidiqbal@gmail.com,1234,zahidiqbal
Zahid,Ali,14246268039,zahidali@gmail.com,1234,zahidali
Sana,Malik,71249359660,sanamalik@gmail.com,1234,sanamalik
Ahmed,Iqbal,68623654667,ahmediqbal@gmail.com,1234,ahmediqbal
Zahra,Ahmed,40743230183,zahraahmed@gmail.com,1234,zahraahmed
Zainab,Ali,88074274826,zainabali@gmail.com,1234,zainabali
Nazia,Ahmed,19281216689,naziaahmed@gmail.com,1234,naziaahmed
Saba,Ali,22109889001,sabaali@gmail.com,1234,sabaali
Zainab,Ahmed,31914696135,zainabahmed@gmail.com,1234,zainabahmed
Ayesha,Iqbal,41444987479,ayeshaiqbal@gmail.com,1234,ayeshaiqbal
Sana,Ahmed,04451592739,sanaahmed@gmail.com,1234,sanaahmed
Muhammad,Khan,79281503960,muhammadkhan@gmail.com,1234,muhammadkhan
Fatima,Ahmed,61258170913,fatimaahmed@gmail.com,1234,fatimaahmed
Ali,Iqbal,39147996197,aliqbal@gmail.com,1234,aliqbal
Aisha,Khan,78467035488,aishakhan@gmail.com,1234,aishakhan
Yousuf,Ali,79455968127,yousufali@gmail.com,1234,yousufali
Muhammad,Ahmed,92211427849,muhammad.ahmed@gmail.com,1234,muhammadahmed
Fatima,Khan,45763115959,fatima.khan@gmail.com,1234,fatimakhan
Zainab,Hussain,22317833757,zainab.hussain@gmail.com,1234,zainabhussain
Bilal,Khan,90209209972,bilal.khan@gmail.com,1234,bilalkhan
Usman,Khan,45859639345,usman.khan@gmail.com,1234,usmankhan
Noor,Khan,23724581359,noor.khan@gmail.com,1234,noorkhan
Khadija,Ahmed,45241278120,khadija.ahmed@gmail.com,1234,khadijaahmed
Ibrahim,Ali,99935423213,ibrahim.ali@gmail.com,1234,ibrahimali
Ali,Ahmed,67725252153,ali.ahmed@gmail.com,1234,aliahmed
Zoya,Malik,25333945606,zoya.malik@gmail.com,1234,zoyamalik
Saba,Khan,74121247859,saba.khan@gmail.com,1234,sabakhan
Ahmed,Malik,96471681990,ahmed.malik@gmail.com,1234,ahmedmalik
Maryam,Ahmed,23563179485,maryam.ahmed@gmail.com,1234,maryamahmed
Mustafa,Ali,42854796163,mustafa.ali@gmail.com,1234,mustafaali
Ahmed,Hussain,51065266542,ahmed.hussain@gmail.com,1234,ahmedhussain
Zara,Ali,39169731510,zara.ali@gmail.com,1234,zaraali
Abdullah,Ahmed,16300453880,abdullah.ahmed@gmail.com,1234,abdullahahmed
Hassan,Malik,04654583116,hassan.malik@gmail.com,1234,hassanmalik
Zain,Khan,31488143711,zain.khan@gmail.com,1234,zainkhan
Fatima,Ali,02220173892,fatima.ali@gmail.com,1234,fatimaali
Zoya,Ahmed,23442658700,zoya.ahmed@gmail.com,1234,zoyaahmed
Usman,Malik,43928758596,usman.malik@gmail.com,1234,usmanmalik
Noor,Ahmed,97739605013,noor.ahmed@gmail.com,1234,noorahmed
Maryam,Khan,41988224040,maryam.khan@gmail.com,1234,maryamkhan
Abdullah,Malik,86162403559,abdullah.malik@gmail.com,1234,abdullahmalik
Mustafa,Khan,55998910315,mustafa.khan@gmail.com,1234,mustafakhan
Aisha,Malik,25710595308,aisha.malik@gmail.com,1234,aishamalik
Zain,Ahmed,97780095799,zain.ahmed@gmail.com,1234,zainahmed
Zoya,Hussain,41066733038,zoya.hussain@gmail.com,1234,zoyahussain
Fatima,Hussain,09845793093,fatima.hussain@gmail.com,1234,fatimahussain
Aisha,Khan,25555127829,aisha.khan1@gmail.com,1234,aishakhan1
Ahmed,Ali,60816716166,ahmed.ali1@gmail.com,1234,ahmedali1
Zoya,Hussain,82955997247,zoya.hussain1@gmail.com,1234,zoyahussain1
Bilal,Khan,01287805573,bilal.khan1@gmail.com,1234,bilalkhan1
Sana,Ahmed,24269821305,sana.ahmed1@gmail.com,1234,sanaahmed1
Usman,Khan,82373947177,usman.khan1@gmail.com,1234,usmankhan1
Ayesha,Malik,63120718401,ayesha.malik1@gmail.com,1234,ayeshamalik1
Hassan,Ahmed,86393674924,hassan.ahmed1@gmail.com,1234,hassanahmed1
Noor,Khan,27100677384,noor.khan1@gmail.com,1234,noorkhan1
Khadija,Ahmed,73113711770,khadija.ahmed1@gmail.com,1234,khadijaahmed1
Ibrahim,Ali,64227567802,ibrahim.ali1@gmail.com,1234,ibrahimali1
Sadia,Khan,55423335380,sadia.khan1@gmail.com,1234,sadiakhan1
Ali,Ahmed,53987242300,ali.ahmed1@gmail.com,1234,aliahmed1
Zoya,Malik,54017760363,zoya.malik1@gmail.com,1234,zoyamalik1
Hamza,Ahmed,21443432226,hamza.ahmed1@gmail.com,1234,hamzaahmed1
Saba,Khan,58766812660,saba.khan1@gmail.com,1234,sabakhan1
Ahmed,Malik,35465133700,ahmed.malik1@gmail.com,1234,ahmedmalik1
Maryam,Ahmed,01226705336,maryam.ahmed1@gmail.com,1234,maryamahmed1
Mustafa,Ali,49668511128,mustafa.ali1@gmail.com,1234,mustafaali1
Aisha,Khan,07763510208,aisha.khan2@gmail.com,1234,aishakhan2
Ahmed,Hussain,81827344983,ahmed.hussain1@gmail.com,1234,ahmedhussain1
Zara,Ali,87520435417,zara.ali1@gmail.com,1234,zaraali1
Abdullah,Ahmed,35169444438,abdullah.ahmed1@gmail.com,1234,abdullahahmed1
Sadia,Khan,70981872390,sadia.khan2@gmail.com,1234,sadiakhan2
Hassan,Malik,18745905696,hassan.malik1@gmail.com,1234,hassanmalik1
Ayesha,Ahmed,37010412717,ayesha.ahmed2@gmail.com,1234,ayeshaahmed2
Zain,Khan,52736736798,zain.khan1@gmail.com,1234,zainkhan1
Fatima,Ali,64781426677,fatima.ali1@gmail.com,1234,fatimaali1
Ahmed,Khan,53236170634,ahmed.khan1@gmail.com,1234,ahmedkhan1
Zoya,Ahmed,46871060395,zoya.ahmed2@gmail.com,1234,zoyaahmed2
Usman,Malik,88996550419,usman.malik1@gmail.com,1234,usmanmalik1
Noor,Ahmed,59284327421,noor.ahmed1@gmail.com,1234,noorahmed1
Aisha,Khan,58167760423,aisha.khan3@gmail.com,1234,aishakhan3
Saba,Ali,18845991112,saba.ali1@gmail.com,1234,sabaali1
Maryam,Khan,54850767317,maryam.khan1@gmail.com,1234,maryamkhan1
Abdullah,Malik,33057726944,abdullah.malik1@gmail.com,1234,abdullahmalik1
Zara,Ahmed,70174842230,zara.ahmed2@gmail.com,1234,zaraahmed2
Mustafa,Khan,40186591837,mustafa.khan1@gmail.com,1234,mustafakhan1
Aisha,Malik,75658898490,aisha.malik2@gmail.com,1234,aishamalik2
Zain,Ahmed,41106568304,zain.ahmed3@gmail.com,1234,zainahmed3
Fatima,Khan,94570381369,fatima.khan2@gmail.com,1234,fatimakhan2
Ahmed,Ali,97156202341,ahmed.ali2@gmail.com,1234,ahmedali2
Zoya,Hussain,02227446190,zoya.hussain2@gmail.com,1234,zoyahussain2
Bilal,Khan,60631067046,bilal.khan2@gmail.com,1234,bilalkhan2
Sana,Ahmed,41418008104,sana.ahmed2@gmail.com,1234,sanaahmed2
Usman,Khan,66311111426,usman.khan2@gmail.com,1234,usmankhan2
Ayesha,Malik,54508074075,ayesha.malik2@gmail.com,1234,ayeshamalik2
Hassan,Ahmed,44650167764,hassan.ahmed2@gmail.com,1234,hassanahmed2
Noor,Khan,24773043979,noor.khan2@gmail.com,1234,noorkhan2
Khadija,Ahmed,54009335499,khadija.ahmed2@gmail.com,1234,khadijaahmed2
Ibrahim,Ali,54803759063,ibrahim.ali2@gmail.com,1234,ibrahimali2
Sadia,Khan,90582741534,sadia.khan3@gmail.com,1234,sadiakhan3
Ali,Ahmed,68129897350,ali.ahmed2@gmail.com,1234,aliahmed2
Zoya,Malik,53800043404,zoya.malik2@gmail.com,1234,zoyamalik2
Hamza,Ahmed,80840687929,hamza.ahmed2@gmail.com,1234,hamzaahmed2
Saba,Khan,34419115117,saba.khan2@gmail.com,1234,sabakhan2
Ahmed,Malik,25995028155,ahmed.malik2@gmail.com,1234,ahmedmalik2
Maryam,Ahmed,12032436189,maryam.ahmed2@gmail.com,1234,maryamahmed2
Mustafa,Ali,37858101253,mustafa.ali2@gmail.com,1234,mustafaali2
Aisha,Khan,93467733542,aisha.khan4@gmail.com,1234,aishakhan4
Ahmed,Hussain,11417599816,ahmed.hussain2@gmail.com,1234,ahmedhussain2
Zara,Ali,17677601699,zara.ali2@gmail.com,1234,zaraali2
Abdullah,Ahmed,86437098107,abdullah.ahmed2@gmail.com,1234,abdullahahmed2
Sadia,Khan,79591309837,sadia.khan4@gmail.com,1234,sadiakhan4
Hassan,Malik,83304960049,hassan.malik2@gmail.com,1234,hassanmalik2
Ayesha,Ahmed,42575758522,ayesha.ahmed3@gmail.com,1234,ayeshaahmed3
Zain,Khan,54772143121,zain.khan2@gmail.com,1234,zainkhan2
Fatima,Ali,33221072411,fatima.ali2@gmail.com,1234,fatimaali2
Ahmed,Khan,75895968184,ahmed.khan2@gmail.com,1234,ahmedkhan2
Zoya,Ahmed,14663400635,zoya.ahmed3@gmail.com,1234,zoyaahmed3
Usman,Malik,66023785260,usman.malik2@gmail.com,1234,usmanmalik2
Noor,Ahmed,98872548506,noor.ahmed2@gmail.com,1234,noorahmed2
Aisha,Khan,64246229263,aisha.khan5@gmail.com,1234,aishakhan5
Saba,Ali,72444491124,saba.ali2@gmail.com,1234,sabaali2
Maryam,Khan,35175397960,maryam.khan2@gmail.com,1234,maryamkhan2
Abdullah,Malik,75690250752,abdullah.malik2@gmail.com,1234,abdullahmalik2
Zara,Ahmed,79864206497,zara.ahmed3@gmail.com,1234,zaraahmed3
Mustafa,Khan,09744086143,mustafa.khan2@gmail.com,1234,mustafakhan2
Aisha,Malik,61723267157,aisha.malik3@gmail.com,1234,aishamalik3
Zain,Ahmed,84187169256,zain.ahmed4@gmail.com,1234,zainahmed4
Fatima,Khan,52949187650,fatima.khan3@gmail.com,1234,fatimakhan3
Ahmed,Ali,26649792104,ahmed.ali3@gmail.com,1234,ahmedali3
Zoya,Hussain,73247719133,zoya.hussain3@gmail.com,1234,zoyahussain3
Bilal,Khan,15823086839,bilal.khan3@gmail.com,1234,bilalkhan3
Sana,Ahmed,10822011852,sana.ahmed3@gmail.com,1234,sanaahmed3
Usman,Khan,74799637063,usman.khan3@gmail.com,1234,usmankhan3
Ayesha,Malik,57955581900,ayesha.malik3@gmail.com,1234,ayeshamalik3
Hassan,Ahmed,23459494830,hassan.ahmed3@gmail.com,1234,hassanahmed3
Noor,Khan,90475980597,noor.khan3@gmail.com,1234,noorkhan3
Khadija,Ahmed,69612179649,khadija.ahmed3@gmail.com,1234,khadijaahmed3
Ibrahim,Ali,27429950740,ibrahim.ali3@gmail.com,1234,ibrahimali3
Sadia,Khan,59704929883,sadia.khan5@gmail.com,1234,sadiakhan5
Ali,Ahmed,90922944126,ali.ahmed3@gmail.com,1234,aliahmed3
Zoya,Malik,90172651104,zoya.malik3@gmail.com,1234,zoyamalik3
Hamza,Ahmed,16728291404,hamza.ahmed3@gmail.com,1234,hamzaahmed3
Saba,Khan,23908778666,saba.khan3@gmail.com,1234,sabakhan3
Ahmed,Malik,83188935047,ahmed.malik3@gmail.com,1234,ahmedmalik3
Maryam,Ahmed,32951663999,maryam.ahmed3@gmail.com,1234,maryamahmed3
Mustafa,Ali,63413687581,mustafa.ali3@gmail.com,1234,mustafaali3
Aisha,Khan,99810410913,aisha.khan6@gmail.com,1234,aishakhan6
Ahmed,Hussain,56105234302,ahmed.hussain3@gmail.com,1234,ahmedhussain3
Zara,Ali,31429751345,zara.ali3@gmail.com,1234,zaraali3
Abdullah,Ahmed,67028796354,abdullah.ahmed3@gmail.com,1234,abdullahahmed3
Sadia,Khan,81690602763,sadia.khan6@gmail.com,1234,sadiakhan6
Hassan,Malik,28251227356,hassan.malik3@gmail.com,1234,hassanmalik3
Ayesha,Ahmed,66669467305,ayesha.ahmed4@gmail.com,1234,ayeshaahmed4
Zain,Khan,60082756266,zain.khan3@gmail.com,1234,zainkhan3
Fatima,Ali,93899909202,fatima.ali3@gmail.com,1234,fatimaali3
Ahmed,Khan,69687994970,ahmed.khan3@gmail.com,1234,ahmedkhan3
Zoya,Ahmed,85119810725,zoya.ahmed4@gmail.com,1234,zoyaahmed4
Usman,Malik,15785397006,usman.malik3@gmail.com,1234,usmanmalik3
Noor,Ahmed,22127105948,noor.ahmed3@gmail.com,1234,noorahmed3
Aisha,Khan,76765532556,aisha.khan7@gmail.com,1234,aishakhan7
Saba,Ali,70246030368,saba.ali3@gmail.com,1234,sabaali3
Maryam,Khan,20198386805,maryam.khan3@gmail.com,1234,maryamkhan3
Abdullah,Malik,18694261831,abdullah.malik3@gmail.com,1234,abdullahmalik3
Zara,Ahmed,61548739203,zara.ahmed4@gmail.com,1234,zaraahmed4
Mustafa,Khan,86088093584,mustafa.khan3@gmail.com,1234,mustafakhan3
Aisha,Malik,19994677760,aisha.malik4@gmail.com,1234,aishamalik4
Zain,Ahmed,51239008918,zain.ahmed5@gmail.com,1234,zainahmed5
Fatima,Khan,79335076933,fatima.khan4@gmail.com,1234,fatimakhan4
Ahmed,Ali,13448635380,ahmed.ali4@gmail.com,1234,ahmedali4
Zoya,Hussain,12509091001,zoya.hussain4@gmail.com,1234,zoyahussain4
Bilal,Khan,50297757889,bilal.khan4@gmail.com,1234,bilalkhan4
Sana,Ahmed,97186128218,sana.ahmed4@gmail.com,1234,sanaahmed4
Usman,Khan,39111600703,usman.khan4@gmail.com,1234,usmankhan4
Ayesha,Malik,26729683032,ayesha.malik4@gmail.com,1234,ayeshamalik4
Hassan,Ahmed,00450928888,hassan.ahmed4@gmail.com,1234,hassanahmed4
Noor,Khan,31682010412,noor.khan4@gmail.com,1234,noorkhan4
Khadija,Ahmed,02136493328,khadija.ahmed4@gmail.com,1234,khadijaahmed4
Ibrahim,Ali,32714812246,ibrahim.ali4@gmail.com,1234,ibrahimali4
Sadia,Khan,67451030304,sadia.khan7@gmail.com,1234,sadiakhan7
Ali,Ahmed,73821102640,ali.ahmed4@gmail.com,1234,aliahmed4
Zoya,Malik,53584706133,zoya.malik4@gmail.com,1234,zoyamalik4
Hamza,Ahmed,31675730212,hamza.ahmed4@gmail.com,1234,hamzaahmed4
Saba,Khan,42914056514,saba.khan4@gmail.com,1234,sabakhan4
Ahmed,Malik,85893154216,ahmed.malik4@gmail.com,1234,ahmedmalik4
Maryam,Ahmed,43057575410,maryam.ahmed4@gmail.com,1234,maryamahmed4
Mustafa,Ali,09642583879,mustafa.ali4@gmail.com,1234,mustafaali4
Aisha,Khan,74755304502,aisha.khan8@gmail.com,1234,aishakhan8
Ahmed,Hussain,52521085188,ahmed.hussain4@gmail.com,1234,ahmedhussain4
Zara,Ali,69053694138,zara.ali4@gmail.com,1234,zaraali4
Abdullah,Ahmed,17676718559,abdullah.ahmed4@gmail.com,1234,abdullahahmed4
Sadia,Khan,81563236649,sadia.khan8@gmail.com,1234,sadiakhan8
Hassan,Malik,59657145863,hassan.malik4@gmail.com,1234,hassanmalik4
Ayesha,Ahmed,52154021580,ayesha.ahmed5@gmail.com,1234,ayeshaahmed5
Zain,Khan,55299826667,zain.khan4@gmail.com,1234,zainkhan4
Fatima,Ali,72013739731,fatima.ali4@gmail.com,1234,fatimaali4
Ahmed,Khan,71597673238,ahmed.khan4@gmail.com,1234,ahmedkhan4
Zoya,Ahmed,17672995045,zoya.ahmed5@gmail.com,1234,zoyaahmed5
Usman,Malik,66719617068,usman.malik4@gmail.com,1234,usmanmalik4
Noor,Ahmed,21306152272,noor.ahmed4@gmail.com,1234,noorahmed4
Aisha,Khan,11613183099,aisha.khan9@gmail.com,1234,aishakhan9
Saba,Ali,61801521471,saba.ali4@gmail.com,1234,sabaali4
Maryam,Khan,15165875030,maryam.khan4@gmail.com,1234,maryamkhan4
Abdullah,Malik,85150082405,abdullah.malik4@gmail.com,1234,abdullahmalik4
Zara,Ahmed,84569417457,zara.ahmed5@gmail.com,1234,zaraahmed5
Mustafa,Khan,83751698662,mustafa.khan4@gmail.com,1234,mustafakhan4
Aisha,Malik,64849367619,aisha.malik5@gmail.com,1234,aishamalik5
Zain,Ahmed,38475697409,zain.ahmed6@gmail.com,1234,zainahmed6
Fatima,Khan,05699074486,fatima.khan5@gmail.com,1234,fatimakhan5
Ahmed,Ali,72061447490,ahmed.ali5@gmail.com,1234,ahmedali5
Zoya,Hussain,43926408805,zoya.hussain5@gmail.com,1234,zoyahussain5
Bilal,Khan,63556810450,bilal.khan5@gmail.com,1234,bilalkhan5
Sana,Ahmed,63650515611,sana.ahmed5@gmail.com,1234,sanaahmed5
Usman,Khan,02159535419,usman.khan5@gmail.com,1234,usmankhan5
Ayesha,Malik,86330177801,ayesha.malik5@gmail.com,1234,ayeshamalik5
Hassan,Ahmed,70571482238,hassan.ahmed5@gmail.com,1234,hassanahmed5
Noor,Khan,33587295674,noor.khan5@gmail.com,1234,noorkhan5
Khadija,Ahmed,89240083406,khadija.ahmed5@gmail.com,1234,khadijaahmed5
Ibrahim,Ali,09698866007,ibrahim.ali5@gmail.com,1234,ibrahimali5
Sadia,Khan,88758045338,sadia.khan9@gmail.com,1234,sadiakhan9
Ali,Ahmed,70756218184,ali.ahmed5@gmail.com,1234,aliahmed5
Zoya,Malik,84609103414,zoya.malik5@gmail.com,1234,zoyamalik5
Hamza,Ahmed,48640455057,hamza.ahmed5@gmail.com,1234,hamzaahmed5
Saba,Khan,69940602439,saba.khan5@gmail.com,1234,sabakhan5
Ahmed,Malik,39072419561,ahmed.malik5@gmail.com,1234,ahmedmalik5
Maryam,Ahmed,97535742540,maryam.ahmed5@gmail.com,1234,maryamahmed5
Mustafa,Ali,41075301069,mustafa.ali5@gmail.com,1234,mustafaali5
Aisha,Khan,60328628522,aisha.khan10@gmail.com,1234,aishakhan10
Ahmed,Hussain,61199241748,ahmed.hussain5@gmail.com,1234,ahmedhussain5
Zara,Ali,54800510868,zara.ali5@gmail.com,1234,zaraali5
Abdullah,Ahmed,02751399983,abdullah.ahmed5@gmail.com,1234,abdullahahmed5
Sadia,Khan,10576303577,sadia.khan10@gmail.com,1234,sadiakhan10
Hassan,Malik,53827171802,hassan.malik5@gmail.com,1234,hassanmalik5
Ayesha,Ahmed,34479490769,ayesha.ahmed6@gmail.com,1234,ayeshaahmed6
Zain,Khan,84870614501,zain.khan5@gmail.com,1234,zainkhan5
Fatima,Ali,17871218643,fatima.ali5@gmail.com,1234,fatimaali5
Ahmed,Khan,43524795572,ahmed.khan5@gmail.com,1234,ahmedkhan5
Zoya,Ahmed,07846733878,zoya.ahmed6@gmail.com,1234,zoyaahmed6
Usman,Malik,35392893754,usman.malik5@gmail.com,1234,usmanmalik5
Noor,Ahmed,73535000718,noor.ahmed5@gmail.com,1234,noorahmed5
Aisha,Khan,01014085072,aisha.khan11@gmail.com,1234,aishakhan11
Saba,Ali,87457709539,saba.ali5@gmail.com,1234,sabaali5
Maryam,Khan,11825400618,maryam.khan5@gmail.com,1234,maryamkhan5
Abdullah,Malik,27146240096,abdullah.malik5@gmail.com,1234,abdullahmalik5
Zara,Ahmed,09740379756,zara.ahmed6@gmail.com,1234,zaraahmed6
Mustafa,Khan,99510510965,mustafa.khan5@gmail.com,1234,mustafakhan5
Aisha,Malik,00213836095,aisha.malik6@gmail.com,1234,aishamalik6
Zain,Ahmed,92823007568,zain.ahmed7@gmail.com,1234,zainahmed7
Fatima,Khan,98562209527,fatima.khan6@gmail.com,1234,fatimakhan6
Ahmed,Ali,91472723511,ahmed.ali6@gmail.com,1234,ahmedali6
Zoya,Hussain,65130017913,zoya.hussain6@gmail.com,1234,zoyahussain6
Bilal,Khan,37566615576,bilal.khan6@gmail.com,1234,bilalkhan6
Sana,Ahmed,67330382137,sana.ahmed6@gmail.com,1234,sanaahmed6
Usman,Khan,73908949251,usman.khan6@gmail.com,1234,usmankhan6
Ayesha,Malik,54690941783,ayesha.malik6@gmail.com,1234,ayeshamalik6
Hassan,Ahmed,93024793877,hassan.ahmed6@gmail.com,1234,hassanahmed6
Noor,Khan,80867894766,noor.khan6@gmail.com,1234,noorkhan6
Khadija,Ahmed,27153346538,khadija.ahmed6@gmail.com,1234,khadijaahmed6
Ibrahim,Ali,72619745742,ibrahim.ali6@gmail.com,1234,ibrahimali6
Sadia,Khan,01683565916,sadia.khan11@gmail.com,1234,sadiakhan11
Ali,Ahmed,97643808341,ali.ahmed6@gmail.com,1234,aliahmed6
Zoya,Malik,83480610925,zoya.malik6@gmail.com,1234,zoyamalik6
Hamza,Ahmed,38989317944,hamza.ahmed6@gmail.com,1234,hamzaahmed6
Saba,Khan,35838047932,saba.khan6@gmail.com,1234,sabakhan6
Ahmed,Malik,18239138013,ahmed.malik6@gmail.com,1234,ahmedmalik6
Maryam,Ahmed,38395441766,maryam.ahmed6@gmail.com,1234,maryamahmed6
Mustafa,Ali,31103473610,mustafa.ali6@gmail.com,1234,mustafaali6
Aisha,Khan,09545790009,aisha.khan12@gmail.com,1234,aishakhan12
Ahmed,Hussain,95608612791,ahmed.hussain6@gmail.com,1234,ahmedhussain6
Zara,Ali,93612668446,zara.ali6@gmail.com,1234,zaraali6
Abdullah,Ahmed,37203122556,abdullah.ahmed6@gmail.com,1234,abdullahahmed6
Sadia,Khan,00605359896,sadia.khan12@gmail.com,1234,sadiakhan12
Hassan,Malik,85558737913,hassan.malik6@gmail.com,1234,hassanmalik6
Ayesha,Ahmed,48440374762,ayesha.ahmed7@gmail.com,1234,ayeshaahmed7
Zain,Khan,79897948935,zain.khan6@gmail.com,1234,zainkhan6
Fatima,Ali,37938898168,fatima.ali6@gmail.com,1234,fatimaali6
Ahmed,Khan,95749829747,ahmed.khan6@gmail.com,1234,ahmedkhan6
Zoya,Ahmed,82606067826,zoya.ahmed7@gmail.com,1234,zoyaahmed7
Usman,Malik,23494920169,usman.malik6@gmail.com,1234,usmanmalik6
Noor,Ahmed,05083962303,noor.ahmed6@gmail.com,1234,noorahmed6
Aisha,Khan,03982530552,aisha.khan13@gmail.com,1234,aishakhan13
Saba,Ali,99299421921,saba.ali6@gmail.com,1234,sabaali6
Maryam,Khan,66968805939,maryam.khan6@gmail.com,1234,maryamkhan6
Abdullah,Malik,68535685084,abdullah.malik6@gmail.com,1234,abdullahmalik6
Zara,Ahmed,83626714031,zara.ahmed7@gmail.com,1234,zaraahmed7
Mustafa,Khan,80588857789,mustafa.khan6@gmail.com,1234,mustafakhan6
Aisha,Malik,11622288712,aisha.malik7@gmail.com,1234,aishamalik7
Zain,Ahmed,28966628069,zain.ahmed8@gmail.com,1234,zainahmed8
Fatima,Khan,64509267908,fatima.khan7@gmail.com,1234,fatimakhan7
Ahmed,Ali,43946477242,ahmed.ali7@gmail.com,1234,ahmedali7
Zoya,Hussain,60781053519,zoya.hussain7@gmail.com,1234,zoyahussain7
Bilal,Khan,45093743788,bilal.khan7@gmail.com,1234,bilalkhan7
Sana,Ahmed,02440597853,sana.ahmed7@gmail.com,1234,sanaahmed7
Usman,Khan,56209805343,usman.khan7@gmail.com,1234,usmankhan7
Ayesha,Malik,67226440006,ayesha.malik7@gmail.com,1234,ayeshamalik7
Hassan,Ahmed,85486722217,hassan.ahmed7@gmail.com,1234,hassanahmed7
Noor,Khan,37030102732,noor.khan7@gmail.com,1234,noorkhan7
Khadija,Ahmed,58246999718,khadija.ahmed7@gmail.com,1234,khadijaahmed7
Ibrahim,Ali,51286318827,ibrahim.ali7@gmail.com,1234,ibrahimali7
Sadia,Khan,99972126735,sadia.khan13@gmail.com,1234,sadiakhan13
Ali,Ahmed,38873578382,ali.ahmed7@gmail.com,1234,aliahmed7
Zoya,Malik,82700593926,zoya.malik7@gmail.com,1234,zoyamalik7
Hamza,Ahmed,07356272093,hamza.ahmed7@gmail.com,1234,hamzaahmed7
Saba,Khan,39559727617,saba.khan7@gmail.com,1234,sabakhan7
Ahmed,Malik,00888394148,ahmed.malik7@gmail.com,1234,ahmedmalik7
Maryam,Ahmed,92569585384,maryam.ahmed7@gmail.com,1234,maryamahmed7
Mustafa,Ali,53842306453,mustafa.ali7@gmail.com,1234,mustafaali7
Aisha,Khan,13711774210,aisha.khan14@gmail.com,1234,aishakhan14
Ahmed,Hussain,11513509415,ahmed.hussain7@gmail.com,1234,ahmedhussain7
Zara,Ali,56033262912,zara.ali7@gmail.com,1234,zaraali7
Abdullah,Ahmed,98552599296,abdullah.ahmed7@gmail.com,1234,abdullahahmed7
Sadia,Khan,86025835417,sadia.khan14@gmail.com,1234,sadiakhan14
Hassan,Malik,18738819154,hassan.malik7@gmail.com,1234,hassanmalik7
Ayesha,Ahmed,14218573324,ayesha.ahmed8@gmail.com,1234,ayeshaahmed8
Zain,Khan,47039526624,zain.khan7@gmail.com,1234,zainkhan7
Fatima,Ali,48326936420,fatima.ali7@gmail.com,1234,fatimaali7
Ahmed,Khan,28791457532,ahmed.khan7@gmail.com,1234,ahmedkhan7
Zoya,Ahmed,43175595387,zoya.ahmed8@gmail.com,1234,zoyaahmed8
Usman,Malik,87429608525,usman.malik7@gmail.com,1234,usmanmalik7
Noor,Ahmed,07437137269,noor.ahmed7@gmail.com,1234,noorahmed7
Aisha,Khan,98193538007,aisha.khan15@gmail.com,1234,aishakhan15
Saba,Ali,77537444386,saba.ali7@gmail.com,1234,sabaali7
Maryam,Khan,02278234186,maryam.khan7@gmail.com,1234,maryamkhan7
Abdullah,Malik,53022699402,abdullah.malik7@gmail.com,1234,abdullahmalik7
Zara,Ahmed,96231851853,zara.ahmed8@gmail.com,1234,zaraahmed8
Mustafa,Khan,88158371360,mustafa.khan7@gmail.com,1234,mustafakhan7
Aisha,Malik,73156674722,aisha.malik8@gmail.com,1234,aishamalik8
Zain,Ahmed,16156304075,zain.ahmed9@gmail.com,1234,zainahmed9
Fatima,Khan,33595650577,fatima.khan8@gmail.com,1234,fatimakhan8
Ahmed,Ali,57284130247,ahmed.ali8@gmail.com,1234,ahmedali8
Zoya,Hussain,56728234801,zoya.hussain8@gmail.com,1234,zoyahussain8
Bilal,Khan,91654976730,bilal.khan8@gmail.com,1234,bilalkhan8
Sana,Ahmed,49517436667,sana.ahmed8@gmail.com,1234,sanaahmed8
Usman,Khan,60957923996,usman.khan8@gmail.com,1234,usmankhan8
Ayesha,Malik,11996051500,ayesha.malik8@gmail.com,1234,ayeshamalik8
Hassan,Ahmed,71039966566,hassan.ahmed8@gmail.com,1234,hassanahmed8
Noor,Khan,69107768623,noor.khan8@gmail.com,1234,noorkhan8
Khadija,Ahmed,64259990463,khadija.ahmed8@gmail.com,1234,khadijaahmed8
Ibrahim,Ali,54707307123,ibrahim.ali8@gmail.com,1234,ibrahimali8
Sadia,Khan,20876726105,sadia.khan15@gmail.com,1234,sadiakhan15
Ali,Ahmed,74052385349,ali.ahmed8@gmail.com,1234,aliahmed8
Zoya,Malik,23564811160,zoya.malik8@gmail.com,1234,zoyamalik8
Hamza,Ahmed,14154972177,hamza.ahmed8@gmail.com,1234,hamzaahmed8
Saba,Khan,43944260822,saba.khan8@gmail.com,1234,sabakhan8
Ahmed,Malik,24727544239,ahmed.malik8@gmail.com,1234,ahmedmalik8
Maryam,Ahmed,79855561038,maryam.ahmed8@gmail.com,1234,maryamahmed8
Mustafa,Ali,37329600504,mustafa.ali8@gmail.com,1234,mustafaali8
Aisha,Khan,25112889980,aisha.khan16@gmail.com,1234,aishakhan16
Ahmed,Hussain,75267939579,ahmed.hussain8@gmail.com,1234,ahmedhussain8
Zara,Ali,72016247336,zara.ali8@gmail.com,1234,zaraali8
Abdullah,Ahmed,73594660069,abdullah.ahmed8@gmail.com,1234,abdullahahmed8
Sadia,Khan,73545352257,sadia.khan16@gmail.com,1234,sadiakhan16
Hassan,Malik,79451490656,hassan.malik8@gmail.com,1234,hassanmalik8
Ayesha,Ahmed,33900807005,ayesha.ahmed9@gmail.com,1234,ayeshaahmed9
Zain,Khan,75539092546,zain.khan8@gmail.com,1234,zainkhan8
Fatima,Ali,42347815368,fatima.ali8@gmail.com,1234,fatimaali8
Ahmed,Khan,58784493990,ahmed.khan8@gmail.com,1234,ahmedkhan8
Zoya,Ahmed,97485028113,zoya.ahmed9@gmail.com,1234,zoyaahmed9
Usman,Malik,01013984342,usman.malik8@gmail.com,1234,usmanmalik8
Noor,Ahmed,87961789399,noor.ahmed8@gmail.com,1234,noorahmed8
Aisha,Khan,13674805536,aisha.khan17@gmail.com,1234,aishakhan17
Saba,Ali,92304780480,saba.ali8@gmail.com,1234,sabaali8
Maryam,Khan,97007549512,maryam.khan8@gmail.com,1234,maryamkhan8
Abdullah,Malik,76183668105,abdullah.malik8@gmail.com,1234,abdullahmalik8
Zara,Ahmed,17572074350,zara.ahmed9@gmail.com,1234,zaraahmed9
Mustafa,Khan,26325634927,mustafa.khan8@gmail.com,1234,mustafakhan8
Aisha,Malik,59033945223,aisha.malik9@gmail.com,1234,aishamalik9
Zain,Ahmed,32697065093,zain.ahmed10@gmail.com,1234,zainahmed10
Fatima,Khan,35830688779,fatima.khan9@gmail.com,1234,fatimakhan9
Ahmed,Ali,21409990180,ahmed.ali9@gmail.com,1234,ahmedali9
Zoya,Hussain,96750654473,zoya.hussain9@gmail.com,1234,zoyahussain9
Bilal,Khan,02922740067,bilal.khan9@gmail.com,1234,bilalkhan9
Sana,Ahmed,87471163108,sana.ahmed9@gmail.com,1234,sanaahmed9
Usman,Khan,71962295972,usman.khan9@gmail.com,1234,usmankhan9
Ayesha,Malik,53917266362,ayesha.malik9@gmail.com,1234,ayeshamalik9
Hassan,Ahmed,67469374016,hassan.ahmed9@gmail.com,1234,hassanahmed9
Noor,Khan,64029091718,noor.khan9@gmail.com,1234,noorkhan9
Khadija,Ahmed,40433864557,khadija.ahmed9@gmail.com,1234,khadijaahmed9
Ibrahim,Ali,84139581892,ibrahim.ali9@gmail.com,1234,ibrahimali9
Sadia,Khan,34699149133,sadia.khan17@gmail.com,1234,sadiakhan17
Ali,Ahmed,81795020692,ali.ahmed9@gmail.com,1234,aliahmed9
Zoya,Malik,09044815210,zoya.malik9@gmail.com,1234,zoyamalik9
Hamza,Ahmed,20572466640,hamza.ahmed9@gmail.com,1234,hamzaahmed9
Saba,Khan,16857085647,saba.khan9@gmail.com,1234,sabakhan9
Ahmed,Malik,13812342093,ahmed.malik9@gmail.com,1234,ahmedmalik9
Maryam,Ahmed,87808415462,maryam.ahmed9@gmail.com,1234,maryamahmed9
Mustafa,Ali,01104050425,mustafa.ali9@gmail.com,1234,mustafaali9
Aisha,Khan,35864546599,aisha.khan18@gmail.com,1234,aishakhan18
Ahmed,Hussain,01771660272,ahmed.hussain9@gmail.com,1234,ahmedhussain9
Zara,Ali,69303090234,zara.ali9@gmail.com,1234,zaraali9
Abdullah,Ahmed,95057809832,abdullah.ahmed9@gmail.com,1234,abdullahahmed9
Sadia,Khan,08366960900,sadia.khan18@gmail.com,1234,sadiakhan18
Hassan,Malik,39899173624,hassan.malik9@gmail.com,1234,hassanmalik9
Ayesha,Ahmed,21955229955,ayesha.ahmed10@gmail.com,1234,ayeshaahmed10
Zain,Khan,97730787394,zain.khan9@gmail.com,1234,zainkhan9
Fatima,Ali,74986445589,fatima.ali9@gmail.com,1234,fatimaali9
Ahmed,Khan,40596222758,ahmed.khan9@gmail.com,1234,ahmedkhan9
Zoya,Ahmed,83358680975,zoya.ahmed10@gmail.com,1234,zoyaahmed10
Usman,Malik,10754003091,usman.malik9@gmail.com,1234,usmanmalik9
Noor,Ahmed,21716377160,noor.ahmed9@gmail.com,1234,noorahmed9
Aisha,Khan,20295859065,aisha.khan19@gmail.com,1234,aishakhan19
Saba,Ali,86031505632,saba.ali9@gmail.com,1234,sabaali9
Maryam,Khan,43798671751,maryam.khan9@gmail.com,1234,maryamkhan9
Abdullah,Malik,67942392309,abdullah.malik9@gmail.com,1234,abdullahmalik9
Ayesha,Ahmed,45776750452,ayesha.ahmed@gmail.com,1234,ayeshaahmed1
Sana,Khan,51196089562,sana.khan@gmail.com,1234,sanakhan
Bilal,Ali,67444035406,bilal.ali@gmail.com,1234,bilalali
Khadija,Hussain,82223433640,khadija.hussain@gmail.com,1234,khadijahussain
Ibrahim,Ahmed,63668916833,ibrahim.ahmed@gmail.com,1234,ibrahimahmed
Sadia,Malik,23040391418,sadia.malik@gmail.com,1234,sadiamalik
Noor,Ali,60671316149,noor.ali@gmail.com,1234,noorali
Maryam,Ali,98870100046,maryam.ali@gmail.com,1234,maryamali
Mustafa,Ahmed,18567893718,mustafa.ahmed@gmail.com,1234,mustafaahmed
Hamza,Hussain,78838505670,hamza.hussain@gmail.com,1234,hamzahussain
Usman,Ali,03378804729,usman.ali@gmail.com,1234,usmanali1
Ayesha,Khan,37098224307,ayesha.khan@gmail.com,1234,ayeshakhan1
Maryam,Hussain,41981744109,maryam.hussain@gmail.com,1234,maryamhussain
Khadija,Ali,30057173806,khadija.ali@gmail.com,1234,khadijaali
Ibrahim,Khan,43598252027,ibrahim.khan@gmail.com,1234,ibrahimkhan
Ali,Malik,26550666594,ali.malik@gmail.com,1234,alimalik
Zain,Malik,12758184525,zain.malik@gmail.com,1234,zainmalik
Aisha,Hussain,45940592093,aisha.hussain@gmail.com,1234,aishahussain
Noor,Malik,09928773823,noor.malik@gmail.com,1234,noormalik
Bilal,Hussain,88111346821,bilal.hussain@gmail.com,1234,bilalhussain
Fatima,Malik,52897124165,fatima.malik@gmail.com,1234,fatimamalik
Zoya,Ali,18917193264,zoya.ali@gmail.com,1234,zoyaali2
Zara,Khan,38130890600,zara.khan@gmail.com,1234,zarakhan
Hamza,Malik,05034123944,hamza.malik@gmail.com,1234,hamzamalik
Sana,Ali,71664289497,sana.ali@gmail.com,1234,sanaali
Ayesha,Hussain,97427719168,ayesha.hussain@gmail.com,1234,ayeshahussain
Zoya,Khan,24490084766,zoya.khan@gmail.com,1234,zoyakhan
Sadia,Ahmed,57995991451,sadia.ahmed@gmail.com,1234,sadiaahmed1
Ibrahim,Malik,46512216816,ibrahim.malik@gmail.com,1234,ibrahimmalik
Sana,Hussain,09219141070,sana.hussain@gmail.com,1234,sanahussain
Usman,Ahmed,13030250920,usman.ahmed@gmail.com,1234,usmanahmed
Bilal,Malik,37607005498,bilal.malik@gmail.com,1234,bilalmalik
Zain,Ali,32946906966,zain.ali@gmail.com,1234,zainali
Noor,Hussain,83394205842,noor.hussain@gmail.com,1234,noorhussain
Fatima,Ahmed,85636865848,fatima.ahmed@gmail.com,1234,fatimaahmed1
Fatima,Ali,3001001002,fatimaali@gmail.com,1234,fatimaali
Mohammad,Hussain,3001001003,mohammadhussain@gmail.com,1234,mohammadhussain
Ayesha,Mirza,3001001004,ayeshamirza@gmail.com,1234,ayeshamirza
Usman,Siddiqui,3001001005,usmansiddiqui@gmail.com,1234,usmansiddiqui
Amina,Shah,3001001006,aminashah@gmail.com,1234,aminashah
Aliya,Khan,3001001007,aliyakhan@gmail.com,1234,aliyakhan
Abdullah,Haider,3001001008,abdullahhaider@gmail.com,1234,abdullahhaider
Sana,Khan,3001001009,sanakhan@gmail.com,1234,sanakhan
Saima,Rehman,3001001011,saimarehman@gmail.com,1234,saimarehman
Bilal,Aslam,3001001012,bilalaslam@gmail.com,1234,bilalaslam
Zainab,Arif,3001001013,zainabarif@gmail.com,1234,zainabarif
Naveed,Khan,3001001014,naveedkhan@gmail.com,1234,naveedkhan
Adnan,Malik,3001001016,adnanmalik@gmail.com,1234,adnanmalik
Ayesha,Khalid,3001001017,ayeshakhalid@gmail.com,1234,ayeshakhalid
Fahad,Iqbal,3001001018,fahadiqbal@gmail.com,1234,fahadiqbal
Saba,Asghar,3001001019,sabaasghar@gmail.com,1234,sabaasghar
Tariq,Ali,3001001020,tariqali@gmail.com,1234,tariqali
Fariha,Hassan,3001001021,farihahassan@gmail.com,1234,farihahassan
Saad,Khan,3001001022,saadkhan@gmail.com,1234,saadkhan
Mahnoor,Khan,3001001023,mahnoorkhan@gmail.com,1234,mahnoorkhan
Noman,Ahmed,3001001024,nomanahmed@gmail.com,1234,nomanahmed
Iqra,Asif,3001001025,iqraasif@gmail.com,1234,iqraasif
Bilal,Khan,3001001026,bilalkhan@gmail.com,1234,bilalkhan
Samia,Ahmed,3001001027,samiaahmed@gmail.com,1234,samiaahmed
Aamir,Aslam,3001001028,aamir.aslam@gmail.com,1234,aamir.aslam
Sadia,Iqbal,3001001029,sadia.iqbal@gmail.com,1234,sadia.iqbal
Kashif,Khan,3001001030,kashif.khan@gmail.com,1234,kashif.khan
Saima,Raza,3001001031,saima.raza@gmail.com,1234,saima.raza
Imran,Khan,3001001032,imran.khan@gmail.com,1234,imran.khan
Sumaira,Malik,3001001033,sumaira.malik@gmail.com,1234,sumaira.malik
Ahsan,Khan,3001001035,ahsan.khan@gmail.com,1234,ahsan.khan
Fiza,Asif,3001001036,fiza.asif@gmail.com,1234,fiza.asif
Imran,Aslam,3001001037,imran.aslam@gmail.com,1234,imran.aslam
Fatima,Nawaz,3001001038,fatima.nawaz@gmail.com,1234,fatima.nawaz
Saad,Aslam,3001001039,saad.aslam@gmail.com,1234,saad.aslam
Farhan,Ahmed,3001001041,farhan.ahmed@gmail.com,1234,farhan.ahmed
Nadia,Hassan,3001001042,nadia.hassan@gmail.com,1234,nadia.hassan
Rizwan,Arif,3001001043,rizwan.arif@gmail.com,1234,rizwan.arif
Nida,Hussain,3001001044,nida.hussain@gmail.com,1234,nida.hussain
Nabeel,Khan,3001001045,nabeel.khan@gmail.com,1234,nabeel.khan
Zohaib,Ahmed,3001001046,zohaib.ahmed@gmail.com,1234,zohaib.ahmed
Sadia,Hassan,3001001047,sadia.hassan@gmail.com,1234,sadia.hassan
Rabia,Khan,3001001048,rabia.khan@gmail.com,1234,rabia.khan
Ayesha,Malik,3001001049,ayesha.malik@gmail.com,1234,ayesha.malik
Amna,Shah,3001001050,amna.shah@gmail.com,1234,amna.shah
Ahmed,Asif,3001001051,ahmed.asif@gmail.com,1234,ahmed.asif
Zainab,Ahmed,3001001052,zainab.ahmed@gmail.com,1234,zainab.ahmed
Nida,Khan,3001001053,nida.khan@gmail.com,1234,nida.khan
Ayesha,Arif,3001001054,ayesha.arif@gmail.com,1234,ayesha.arif
Zainab,Khan,3001001055,zainab.khan@gmail.com,1234,zainab.khan
Muhammad,Aslam,3001001056,muhammad.aslam@gmail.com,1234,muhammad.aslam
Faisal,Shah,3001001057,faisal.shah@gmail.com,1234,faisal.shah
Hina,Khan,3001001058,hina.khan@gmail.com,1234,hina.khan
Sana,Arif,3001001061,sana.arif@gmail.com,1234,sana.arif
Faisal,Khan,3001001062,faisal.khan@gmail.com,1234,faisal.khan
Ayesha,Iqbal,3001001063,ayesha.iqbal@gmail.com,1234,ayesha.iqbal
Hafsa,Malik,3001001064,hafsa.malik@gmail.com,1234,hafsa.malik
Ayesha,Shah,3001001066,ayesha.shah@gmail.com,1234,ayesha.shah
Imran,Arif,3001001068,imran.arif@gmail.com,1234,imran.arif
Bilal,Hassan,3001001070,bilal.hassan@gmail.com,1234,bilal.hassan
Aisha,Khan,3001001073,aisha.khan@gmail.com,1234,aisha.khan
Sumaira,Ali,3001001075,sumaira.ali@gmail.com,1234,sumaira.ali
Nadia,Malik,3001001078,nadia.malik@gmail.com,1234,nadia.malik
Mohammad,Ahmed,3001001079,mohammad.ahmed@gmail.com,1234,mohammad.ahmed
Ali,Raza,3002001117,ali.raza@gmail.com,1234,ali.raza
Farah,Ali,3002001120,farah.ali@gmail.com,1234,farah.ali
Ghulam,Mustafa,3002001121,ghulam.mustafa@gmail.com,1234,ghulam.mustafa
Hassan,Khan,3002001122,hassan.khan@gmail.com,1234,hassan.khan
Imran,Ahmed,3002001123,imran.ahmed@gmail.com,1234,imran.ahmed
Javeria,Ali,3002001124,javeria.ali@gmail.com,1234,javeria.ali
Kamran,Ahmed,3002001125,kamran.ahmed@gmail.com,1234,kamran.ahmed
Lubna,Khan,3002001126,lubna.khan@gmail.com,1234,lubna.khan
Mohammad,Ali,3002001127,mohammad.ali@gmail.com,1234,mohammad.ali
Nadia,Hussain,3002001128,nadia.hussain@gmail.com,1234,nadia.hussain
Omar,Khan,3002001129,omar.khan@gmail.com,1234,omar.khan
Parveen,Ahmed,3002001130,parveen.ahmed@gmail.com,1234,parveen.ahmed
Qasim,Ali,3002001131,qasim.ali@gmail.com,1234,qasim.ali
Saim,Ahmed,3002001133,saim.ahmed@gmail.com,1234,saim.ahmed
Tania,Ali,3002001134,tania.ali@gmail.com,1234,tania.ali
Umar,Khan,3002001135,umar.khan@gmail.com,1234,umar.khan
Vasim,Ahmed,3002001136,vasim.ahmed@gmail.com,1234,vasim.ahmed
Wajid,Khan,3002001137,wajid.khan@gmail.com,1234,wajid.khan
Xenia,Ali,3002001138,xenia.ali@gmail.com,1234,xenia.ali
Yasir,Hussain,3002001139,yasir.hussain@gmail.com,1234,yasir.hussain
Ahmed,Raza,3002001141,ahmed.raza@gmail.com,1234,ahmed.raza
Aisha,Ahmed,3002001142,aisha.ahmed@gmail.com,1234,aisha.ahmed
Ali,Aslam,3002001201,ali.aslam@gmail.com,1234,ali.aslam
Amina,Shahid,3002001202,amina.shahid@gmail.com,1234,amina.shahid
Babar,Rasheed,3002001203,babar.rasheed@gmail.com,1234,babar.rasheed
Fariha,Khalid,3002001204,fariha.khalid@gmail.com,1234,fariha.khalid
Gul,Khan,3002001205,gul.khan@gmail.com,1234,gul.khan
Haris,Khan,3002001206,haris.khan@gmail.com,1234,haris.khan
Iqbal,Aslam,3002001207,iqbal.aslam@gmail.com,1234,iqbal.aslam
Jamal,Malik,3002001208,jamal.malik@gmail.com,1234,jamal.malik
Kainat,Khan,3002001209,kainat.khan@gmail.com,1234,kainat.khan
Laila,Akhtar,3002001210,laila.akhtar@gmail.com,1234,laila.akhtar
Majid,Ahmed,3002001211,majid.ahmed@gmail.com,1234,majid.ahmed
Naeem,Raza,3002001212,naeem.raza@gmail.com,1234,naeem.raza
Parveen,Ali,3002001214,parveen.ali@gmail.com,1234,parveen.ali
Qamar,Khan,3002001215,qamar.khan@gmail.com,1234,qamar.khan
Rizwan,Hussain,3002001216,rizwan.hussain@gmail.com,1234,rizwan.hussain
Saba,Ahmed,3002001217,saba.ahmed@gmail.com,1234,saba.ahmed
Tariq,Ali,3002001218,tariq.ali@gmail.com,1234,tariq.ali
Vasim,Khan,3002001220,vasim.khan@gmail.com,1234,vasim.khan
Wajid,Hussain,3002001221,wajid.hussain@gmail.com,1234,wajid.hussain
Xena,Ahmed,3002001222,xena.ahmed@gmail.com,1234,xena.ahmed
Yasir,Khan,3002001223,yasir.khan@gmail.com,1234,yasir.khan
Zainab,Ali,3002001224,zainab.ali@gmail.com,1234,zainab.ali
Adeel,Ahmed,3002001225,adeel.ahmed@gmail.com,1234,adeel.ahmed
Farhan,Malik,3002001228,farhan.malik@gmail.com,1234,farhan.malik
Ghulam,Khan,3002001229,ghulam.khan@gmail.com,1234,ghulam.khan
Hira,Ahmed,3002001230,hira.ahmed@gmail.com,1234,hira.ahmed
Jawad,Malik,3002001232,jawad.malik@gmail.com,1234,jawad.malik
Kamran,Hussain,3002001233,kamran.hussain@gmail.com,1234,kamran.hussain
Laraib,Ali,3002001234,laraib.ali@gmail.com,1234,laraib.ali
Mohsin,Khan,3002001235,mohsin.khan@gmail.com,1234,mohsin.khan
Nadia,Ahmed,3002001236,nadia.ahmed@gmail.com,1234,nadia.ahmed
Parveen,Hussain,3002001238,parveen.hussain@gmail.com,1234,parveen.hussain
Qasim,Khan,3002001239,qasim.khan@gmail.com,1234,qasim.khan
Rizwan,Ahmed,3002001240,rizwan.ahmed@gmail.com,1234,rizwan.ahmed
Saim,Khan,3002001241,saim.khan@gmail.com,1234,saim.khan
Tania,Malik,3002001242,tania.malik@gmail.com,1234,tania.malik
Umar,Hussain,3002001243,umar.hussain@gmail.com,1234,umar.hussain
Vasim,Malik,3002001244,vasim.malik@gmail.com,1234,vasim.malik
Wajid,Ahmed,3002001245,wajid.ahmed@gmail.com,1234,wajid.ahmed
Xenia,Khan,3002001246,xenia.khan@gmail.com,1234,xenia.khan
Yasir,Ahmed,3002001247,yasir.ahmed@gmail.com,1234,yasir.ahmed
Adeel,Malik,3002001249,adeel.malik@gmail.com,1234,adeel.malik
Bilal,Ahmed,3002001251,bilal.ahmed@gmail.com,1234,bilal.ahmed
Farhan,Khan,3002001252,farhan.khan@gmail.com,1234,farhan.khan
Ghulam,Hussain,3002001253,ghulam.hussain@gmail.com,1234,ghulam.hussain
Hira,Malik,3002001254,hira.malik@gmail.com,1234,hira.malik
Jawad,Khan,3002001256,jawad.khan@gmail.com,1234,jawad.khan
Laraib,Khan,3002001258,laraib.khan@gmail.com,1234,laraib.khan
Mohsin,Ahmed,3002001259,mohsin.ahmed@gmail.com,1234,mohsin.ahmed
Nadia,Khan,3002001260,nadia.khan@gmail.com,1234,nadia.khan
Omar,Hussain,3002001261,omar.hussain@gmail.com,1234,omar.hussain
Parveen,Malik,3002001262,parveen.malik@gmail.com,1234,parveen.malik
Qasim,Ahmed,3002001263,qasim.ahmed@gmail.com,1234,qasim.ahmed
Rizwan,Khan,3002001264,rizwan.khan@gmail.com,1234,rizwan.khan
Saim,Hussain,3002001265,saim.hussain@gmail.com,1234,saim.hussain
Tania,Ahmed,3002001266,tania.ahmed@gmail.com,1234,tania.ahmed
Umar,Malik,3002001267,umar.malik@gmail.com,1234,umar.malik
Xenia,Ahmed,3002001270,xenia.ahmed@gmail.com,1234,xenia.ahmed
Adeel,Khan,3002001273,adeel.khan@gmail.com,1234,adeel.khan
Ghulam,Ahmed,3002001277,ghulam.ahmed@gmail.com,1234,ghulam.ahmed
Hira,Khan,3002001278,hira.khan@gmail.com,1234,hira.khan
Imran,Malik,3002001279,imran.malik@gmail.com,1234,imran.malik
Jawad,Ahmed,3002001280,jawad.ahmed@gmail.com,1234,jawad.ahmed
Kamran,Khan,3002001281,kamran.khan@gmail.com,1234,kamran.khan
Laraib,Ahmed,3002001282,laraib.ahmed@gmail.com,1234,laraib.ahmed
Tania,Khan,3002001290,tania.khan@gmail.com,1234,tania.khan
Xenia,Hussain,3002001294,xenia.hussain@gmail.com,1234,xenia.hussain
Ahmad,Sameer,923002046732,sameer.ahmad@gmail.com,1234,sameer.ahmad
Khan,Tahira,923002046733,tahira.khan@gmail.com,1234,tahira.khan
Hussain,Usman,923002046734,usman.hussain@gmail.com,1234,usman.hussain
Ali,Vasim,923002046735,vasim.ali@gmail.com,1234,vasim.ali
Khan,Wafa,923002046736,wafa.khan@gmail.com,1234,wafa.khan
Hussain,Xena,923002046737,xena.hussain@gmail.com,1234,xena.hussain
Ahmad,Yasir,923002046738,yasir.ahmad@gmail.com,1234,yasir.ahmad
Ahmad,Adeel,923002046740,adeel.ahmad@gmail.com,1234,adeel.ahmad
Ahmad,Ghulam,923002046744,ghulam.ahmad@gmail.com,1234,ghulam.ahmad
Ahmad,Jawad,923002046747,jawad.ahmad@gmail.com,1234,jawad.ahmad
Khan,Kiran,923002046748,kiran.khan@gmail.com,1234,kiran.khan
Ahmad,Laraib,923002046749,laraib.ahmad@gmail.com,1234,laraib.ahmad
Ahmad,Nadia,923002046751,nadia.ahmad@gmail.com,1234,nadia.ahmad
Ahmad,Parveen,923002046753,parveen.ahmad@gmail.com,1234,parveen.ahmad
Khan,Quratulain,923002046754,quratulain.khan@gmail.com,1234,quratulain.khan
Ahmad,Salma,923002046756,salma.ahmad@gmail.com,1234,salma.ahmad
Khan,Tariq,923002046757,tariq.khan@gmail.com,1234,tariq.khan
Ahmad,Umair,923002046758,umair.ahmad@gmail.com,1234,umair.ahmad
Khan,Veena,923002046759,veena.khan@gmail.com,1234,veena.khan
Ahmad,Waqas,923002046760,waqas.ahmad@gmail.com,1234,waqas.ahmad
Ahmad,Yasmeen,923002046762,yasmeen.ahmad@gmail.com,1234,yasmeen.ahmad
Khan,Zaheer,923002046763,zaheer.khan@gmail.com,1234,zaheer.khan
Ahmad,Aysha,923002046764,aysha.ahmad@gmail.com,1234,aysha.ahmad
Khan,Babar,923002046765,babar.khan@gmail.com,1234,babar.khan
Ahmad,Danish,923002046766,danish.ahmad@gmail.com,1234,danish.ahmad
Khan,Esha,923002046767,esha.khan@gmail.com,1234,esha.khan
Ahmad,Fahad,923002046768,fahad.ahmad@gmail.com,1234,fahad.ahmad
Ahmad,Hira,923002046770,hira.ahmad@gmail.com,1234,hira.ahmad
Khan,Irfan,923002046771,irfan.khan@gmail.com,1234,irfan.khan
Ahmad,Javed,923002046772,javed.ahmad@gmail.com,1234,javed.ahmad
Khan,Komal,923002046773,komal.khan@gmail.com,1234,komal.khan
Ahmad,Lubna,923002046774,lubna.ahmad@gmail.com,1234,lubna.ahmad
Khan,Majid,923002046775,majid.khan@gmail.com,1234,majid.khan
Ahmad,Nabeel,923002046776,nabeel.ahmad@gmail.com,1234,nabeel.ahmad
Khan,Obaid,923002046777,obaid.khan@gmail.com,1234,obaid.khan
Ahmad,Pervaiz,923002046778,pervaiz.ahmad@gmail.com,1234,pervaiz.ahmad
Ahmad,Rahila,923002046780,rahila.ahmad@gmail.com,1234,rahila.ahmad
Khan,Sadia,923002046781,sadia.khan@gmail.com,1234,sadia.khan
Ahmad,Tahir,923002046782,tahir.ahmad@gmail.com,1234,tahir.ahmad
Khan,Uzma,923002046783,uzma.khan@gmail.com,1234,uzma.khan
Ahmed,Sameera,923005678912,sameera.ahmed@gmail.com,1234,sameera.ahmed
Ahmed,Salma,923005678936,salma.ahmed@gmail.com,1234,salma.ahmed
Ahmed,Umair,923005678938,umair.ahmed@gmail.com,1234,umair.ahmed
Ahmed,Waqas,923005678940,waqas.ahmed@gmail.com,1234,waqas.ahmed
Ahmed,Yasmeen,923005678942,yasmeen.ahmed@gmail.com,1234,yasmeen.ahmed
Ahmed,Aysha,923005678944,aysha.ahmed@gmail.com,1234,aysha.ahmed
Ahmed,Danish,923005678946,danish.ahmed@gmail.com,1234,danish.ahmed
Ahmed,Fahad,923005678948,fahad.ahmed@gmail.com,1234,fahad.ahmed
Ahmed,Javed,923005678952,javed.ahmed@gmail.com,1234,javed.ahmed
Ahmed,Lubna,923005678954,lubna.ahmed@gmail.com,1234,lubna.ahmed
Ahmed,Nabeel,923005678956,nabeel.ahmed@gmail.com,1234,nabeel.ahmed
Ahmad,Wajid,923005678964,wajid.ahmad@gmail.com,1234,wajid.ahmad
Khan,Xena,923005678965,xena.khan@gmail.com,1234,xena.khan
Khan,Danial,923005678971,danial.khan@gmail.com,1234,danial.khan
Ahmed,Esha,923005678972,esha.ahmed@gmail.com,1234,esha.ahmed
Ahmed,Ghazala,923005678974,ghazala.ahmed@gmail.com,1234,ghazala.ahmed
Khan,Hafsa,923005678975,hafsa.khan@gmail.com,1234,hafsa.khan
Ahmed,Irfan,923005678976,irfan.ahmed@gmail.com,1234,irfan.ahmed
Khan,Javed,923005678977,javed.khan@gmail.com,1234,javed.khan
Ahmed,Komal,923005678978,komal.ahmed@gmail.com,1234,komal.ahmed
Ahmed,Obaid,923005678982,obaid.ahmed@gmail.com,1234,obaid.ahmed
Khan,Pervaiz,923005678983,pervaiz.khan@gmail.com,1234,pervaiz.khan
Khan,Rahila,923005678985,rahila.khan@gmail.com,1234,rahila.khan
Khan,Tahir,923005678987,tahir.khan@gmail.com,1234,tahir.khan
Ahmed,Uzma,923005678988,uzma.ahmed@gmail.com,1234,uzma.ahmed
Abdul,Ali,923045678901,abdul.ali@gmail.com,1234,abdul.ali
Gulshan,Hussain,923045678905,gulshan.hussain@gmail.com,1234,gulshan.hussain
Iqra,Ahmed,923045678907,iqra.ahmed@gmail.com,1234,iqra.ahmed
Lubna,Ali,923045678910,lubna.ali@gmail.com,1234,lubna.ali
Mohammad,Hussain,923045678911,mohammad.hussain@gmail.com,1234,mohammad.hussain
Omar,Ahmad,923045678913,omar.ahmad@gmail.com,1234,omar.ahmad
Pari,Khan,923045678914,pari.khan@gmail.com,1234,pari.khan
Saba,Ahmad,923045678917,saba.ahmad@gmail.com,1234,saba.ahmad
Uzma,Ali,923045678919,uzma.ali@gmail.com,1234,uzma.ali
Waqar,Khan,923045678920,waqar.khan@gmail.com,1234,waqar.khan
Bilquis,Khan,923045678926,bilquis.khan@gmail.com,1234,bilquis.khan
Danish,Ali,923045678927,danish.ali@gmail.com,1234,danish.ali
Eman,Khan,923045678928,eman.khan@gmail.com,1234,eman.khan
Gulshan,Khan,923045678930,gulshan.khan@gmail.com,1234,gulshan.khan
Hina,Ali,923045678931,hina.ali@gmail.com,1234,hina.ali
Jasmine,Ahmed,923045678933,jasmine.ahmed@gmail.com,1234,jasmine.ahmed
Lubna,Hussain,923045678935,lubna.hussain@gmail.com,1234,lubna.hussain
Mohammad,Khan,923045678936,mohammad.khan@gmail.com,1234,mohammad.khan
Nadia,Ali,923045678937,nadia.ali@gmail.com,1234,nadia.ali
Rabia,Ali,923045678941,rabia.ali@gmail.com,1234,rabia.ali
Tariq,Ahmed,923045678943,tariq.ahmed@gmail.com,1234,tariq.ahmed
Waqar,Ahmed,923045678945,waqar.ahmed@gmail.com,1234,waqar.ahmed
Danish,Khan,923045678952,danish.khan@gmail.com,1234,danish.khan
Eman,Ahmed,923045678953,eman.ahmed@gmail.com,1234,eman.ahmed
Fahad,Khan,923045678954,fahad.khan@gmail.com,1234,fahad.khan
Gulshan,Ahmed,923045678955,gulshan.ahmed@gmail.com,1234,gulshan.ahmed
Jasmine,Khan,923045678958,jasmine.khan@gmail.com,1234,jasmine.khan
Omar,Ali,923045678963,omar.ali@gmail.com,1234,omar.ali
Parveen,Khan,923045678964,parveen.khan@gmail.com,1234,parveen.khan
Saba,Ali,923045678967,saba.ali@gmail.com,1234,saba.ali
Fahad,Ali,923045678979,fahad.ali@gmail.com,1234,fahad.ali
Hina,Ahmed,923045678981,hina.ahmed@gmail.com,1234,hina.ahmed
Aliya,Ahmed,923045679001,aliya.ahmed@gmail.com,1234,aliya.ahmed
Cynthia,Ali,923045679003,cynthia.ali@gmail.com,1234,cynthia.ali
Emaan,Ahmed,923045679005,emaan.ahmed@gmail.com,1234,emaan.ahmed
Faiza,Khan,923045679006,faiza.khan@gmail.com,1234,faiza.khan
Haider,Khan,923045679008,haider.khan@gmail.com,1234,haider.khan
Irum,Ahmed,923045679009,irum.ahmed@gmail.com,1234,irum.ahmed
Maha,Ahmed,923045679013,maha.ahmed@gmail.com,1234,maha.ahmed
Omar,Ahmed,923045679015,omar.ahmed@gmail.com,1234,omar.ahmed
Quratulain,Ahmed,923045679017,quratulain.ahmed@gmail.com,1234,quratulain.ahmed
Talha,Khan,923045679020,talha.khan@gmail.com,1234,talha.khan
Vikram,Khan,923045679022,vikram.khan@gmail.com,1234,vikram.khan
Wajiha,Ahmed,923045679023,wajiha.ahmed@gmail.com,1234,wajiha.ahmed
Xavier,Khan,923045679024,xavier.khan@gmail.com,1234,xavier.khan
Yusra,Ahmed,923045679025,yusra.ahmed@gmail.com,1234,yusra.ahmed
Zaid,Khan,923045679026,zaid.khan@gmail.com,1234,zaid.khan
Aamir,Ahmed,923045679027,aamir.ahmed@gmail.com,1234,aamir.ahmed
Beenish,Khan,923045679028,beenish.khan@gmail.com,1234,beenish.khan
Cyrus,Ahmed,923045679029,cyrus.ahmed@gmail.com,1234,cyrus.ahmed
Dua,Khan,923045679030,dua.khan@gmail.com,1234,dua.khan
Eshaal,Ahmed,923045679031,eshaal.ahmed@gmail.com,1234,eshaal.ahmed
Farah,Khan,923045679032,farah.khan@gmail.com,1234,farah.khan
Ghazanfar,Ahmed,923045679033,ghazanfar.ahmed@gmail.com,1234,ghazanfar.ahmed
Haniya,Khan,923045679034,haniya.khan@gmail.com,1234,haniya.khan
Jannat,Khan,923045679036,jannat.khan@gmail.com,1234,jannat.khan
Kainat,Ahmed,923045679037,kainat.ahmed@gmail.com,1234,kainat.ahmed
Nimra,Khan,923045679040,nimra.khan@gmail.com,1234,nimra.khan
Ovais,Ahmed,923045679041,ovais.ahmed@gmail.com,1234,ovais.ahmed
