First Name,Last Name,Phone Number,Email,Password,Username
Amelia,Hayes,1111111111,ameliahayes@gmail.com,1234,ameliahayes
Oliver,King,2222222222,oliverking@gmail.com,1234,oliverking
Sophia,Lopez,3333333333,sophialopez@gmail.com,1234,sophialopez
Liam,Wood,4444444444,liamwood@gmail.com,1234,liamwood
Ava,Hernandez,5555555555,avahernandez@gmail.com,1234,avahernandez
William,Carter,6666666666,williamcarter@gmail.com,1234,williamcarter
Olivia,Anderson,7777777777,oliviaanderson@gmail.com,1234,oliviaanderson
Noah,Mitchell,8888888888,noahmitchell@gmail.com,1234,noahmitchell
Isabella,Martin,9999999999,isabellamartin@gmail.com,1234,isabellamartin
James,Taylor,1111111111,jamestaylor@gmail.com,1234,jamestaylor
Emma,Thomas,2222222222,emmathomas@gmail.com,1234,emmathomas
Benjamin,Lewis,3333333333,benjaminlewis@gmail.com,1234,benjaminlewis
Sophia,Scott,4444444444,sophiascott@gmail.com,1234,sophiascott
Alexander,Green,5555555555,alexandergreen@gmail.com,1234,alexandergreen
Mia,Walker,6666666666,miawalker@gmail.com,1234,miawalker
Michael,Hall,7777777777,michaelhall@gmail.com,1234,michaelhall
Charlotte,Young,8888888888,charlotteyoung@gmail.com,1234,charlotteyoung
Daniel,Allen,9999999999,danielallen@gmail.com,1234,danielallen
Emily,Harris,1111111111,emilyharris@gmail.com,1234,emilyharris
Liam,Hill,2222222222,liamhill@gmail.com,1234,liamhill
Evelyn,Hernandez,3333333333,evelynhernandez@gmail.com,1234,evelynhernandez
William,Wright,1111111111,williamwright@gmail.com,1234,williamwright
Sophia,Adams,2222222222,sophiaadams@gmail.com,1234,sophiaadams
James,Morris,3333333333,jamesmorris@gmail.com,1234,jamesmorris
Olivia,Cook,4444444444,oliviacook@gmail.com,1234,oliviacook
Benjamin,King,5555555555,benjaminking@gmail.com,1234,benjaminking
Emma,Rivera,6666666666,emmarivera@gmail.com,1234,emmarivera
Alexander,Collins,7777777777,alexandercollins@gmail.com,1234,alexandercollins
Charlotte,Bell,8888888888,charlottebell@gmail.com,1234,charlottebell
Daniel,Bailey,9999999999,danielbailey@gmail.com,1234,danielbailey
Mia,Ward,1111111111,miaward@gmail.com,1234,miaward
Michael,Murphy,2222222222,michaelmurphy@gmail.com,1234,michaelmurphy
Emily,Cox,3333333333,emilycox@gmail.com,1234,emilycox
Elijah,Kelly,4444444444,elijahkelly@gmail.com,1234,elijahkelly
Abigail,Howard,5555555555,abigailhoward@gmail.com,1234,abigailhoward
William,Foster,6666666666,williamfoster@gmail.com,1234,williamfoster
Ava,Richards,7777777777,avarichards@gmail.com,1234,avarichards
Lucas,Price,8888888888,lucasprice@gmail.com,1234,lucasprice
Harper,Watson,9999999999,harperwatson@gmail.com,1234,harperwatson
Isabella,Brooks,1111111111,isabellabrooks@gmail.com,1234,isabellabrooks
Logan,Long,2222222222,loganlong@gmail.com,1234,loganlong
Sophia,Hughes,3333333333,sophiahughes@gmail.com,1234,sophiahughes
Liam,Wood,4444444444,liamwood@gmail.com,1234,liamwood
Amelia,Perry,5555555555,ameliaperry@gmail.com,1234,ameliaperry
Jackson,Ramirez,6666666666,jacksonramirez@gmail.com,1234,jacksonramirez
Olivia,Gray,7777777777,oliviagray@gmail.com,1234,oliviagray
Noah,Kelly,8888888888,noahkelly@gmail.com,1234,noahkelly
Emma,James,9999999999,emmajames@gmail.com,1234,emmajames
William,Reed,1111111111,williamreed@gmail.com,1234,williamreed
Ava,Martin,2222222222,avamartin@gmail.com,1234,avamartin
James,Wright,3333333333,jameswright@gmail.com,1234,jameswright
Charlotte,Ward,4444444444,charlotteward@gmail.com,1234,charlotteward
Liam,Turner,5555555555,liamturner@gmail.com,1234,liamturner
Sophia,Parker,6666666666,sophiaparker@gmail.com,1234,sophiaparker
Benjamin,Evans,7777777777,benjaminevans@gmail.com,1234,benjaminevans
Mia,Gonzalez,8888888888,miagonzalez@gmail.com,1234,miagonzalez
Oliver,Hill,9999999999,oliverhill@gmail.com,1234,oliverhill
Emma,Gomez,1111111111,emmagomez@gmail.com,1234,emmagomez
Alexander,Barnes,2222222222,alexanderbarnes@gmail.com,1234,alexanderbarnes
Isabella,Brooks,1111111111,isabellabrooks@gmail.com,1234,isabellabrooks
Logan,Long,2222222222,loganlong@gmail.com,1234,loganlong
Sophia,Hughes,3333333333,sophiahughes@gmail.com,1234,sophiahughes
Liam,Wood,4444444444,liamwood@gmail.com,1234,liamwood
Amelia,Perry,5555555555,ameliaperry@gmail.com,1234,ameliaperry
Jackson,Ramirez,6666666666,jacksonramirez@gmail.com,1234,jacksonramirez
Olivia,Gray,7777777777,oliviagray@gmail.com,1234,oliviagray
Noah,Kelly,8888888888,noahkelly@gmail.com,1234,noahkelly
Emma,James,9999999999,emmajames@gmail.com,1234,emmajames
William,Reed,1111111111,williamreed@gmail.com,1234,williamreed
Ava,Martin,2222222222,avamartin@gmail.com,1234,avamartin
James,Wright,3333333333,jameswright@gmail.com,1234,jameswright
Charlotte,Ward,4444444444,charlotteward@gmail.com,1234,charlotteward
Liam,Turner,5555555555,liamturner@gmail.com,1234,liamturner
Sophia,Parker,6666666666,sophiaparker@gmail.com,1234,sophiaparker
Benjamin,Evans,7777777777,benjaminevans@gmail.com,1234,benjaminevans
Mia,Gonzalez,8888888888,miagonzalez@gmail.com,1234,miagonzalez
Oliver,Hill,9999999999,oliverhill@gmail.com,1234,oliverhill
Emma,Gomez,1111111111,emmagomez@gmail.com,1234,emmagomez
Alexander,Barnes,2222222222,alexanderbarnes@gmail.com,1234,alexanderbarnes
Evelyn,Fisher,3333333333,evelynfisher@gmail.com,1234,evelynfisher
Mason,Williams,4444444444,masonwilliams@gmail.com,1234,masonwilliams
Avery,Morris,5555555555,averymorris@gmail.com,1234,averymorris
Abigail,James,6666666666,abigailjames@gmail.com,1234,abigailjames
Michael,Ward,7777777777,michaelward@gmail.com,1234,michaelward
Ella,Carter,8888888888,ellacarter@gmail.com,1234,ellacarter
Liam,Phillips,9999999999,liamphillips@gmail.com,1234,liamphillips
Avery,Gonzalez,1111111111,averygonzalez@gmail.com,1234,averygonzalez
Sophia,Martin,2222222222,sophiamartin@gmail.com,1234,sophiamartin
Michael,Ross,3333333333,michaelross@gmail.com,1234,michaelross
Mia,Hernandez,4444444444,miahernandez@gmail.com,1234,miahernandez
Ethan,Perry,5555555555,ethanperry@gmail.com,1234,ethanperry
Isabella,Collins,6666666666,isabellacollins@gmail.com,1234,isabellacollins
Noah,Thomas,7777777777,noahthomas@gmail.com,1234,noahthomas
Charlotte,Johnson,8888888888,charlottejohnson@gmail.com,1234,charlottejohnson
Mason,Morris,9999999999,masonmorris@gmail.com,1234,masonmorris
Sophia,Gray,1111111111,sophiagray@gmail.com,1234,sophiagray
James,Long,2222222222,jameslong@gmail.com,1234,jameslong
Olivia,Campbell,3333333333,oliviacampbell@gmail.com,1234,oliviacampbell
Jackson,Reed,4444444444,jacksonreed@gmail.com,1234,jacksonreed
Ava,Bailey,5555555555,avabailey@gmail.com,1234,avabailey
Liam,Allen,6666666666,liamallen@gmail.com,1234,liamallen
Oliver,Clark,7777777777,oliverclark@gmail.com,1234,oliverclark
Ella,Watson,8888888888,ellawatson@gmail.com,1234,ellawatson
Avery,Collins,9999999999,averycollins@gmail.com,1234,averycollins
Isabella,Hill,1111111111,isabellahill@gmail.com,1234,isabellahill
Noah,Gonzalez,2222222222,noahgonzalez@gmail.com,1234,noahgonzalez
Emma,Wilson,3333333333,emmawilson@gmail.com,1234,emmawilson
Michael,Evans,4444444444,michaelevans@gmail.com,1234,michaelevans
Abigail,Bell,5555555555,abigailbell@gmail.com,1234,abigailbell
Oliver,Green,6666666666,olivergreen@gmail.com,1234,olivergreen
Avery,Thomas,7777777777,averythomas@gmail.com,1234,averythomas
Ethan,Turner,8888888888,ethanturner@gmail.com,1234,ethanturner
Charlotte,Kelly,9999999999,charlottekelly@gmail.com,1234,charlottekelly
Mason,King,1111111111,masonking@gmail.com,1234,masonking
Sophia,Anderson,2222222222,sophiaanderson@gmail.com,1234,sophiaanderson
Logan,Flores,3333333333,loganflores@gmail.com,1234,loganflores
Emma,Lopez,4444444444,emmalopez@gmail.com,1234,emmalopez
William,Moore,5555555555,williammoore@gmail.com,1234,williammoore
Olivia,Walker,6666666666,oliviawalker@gmail.com,1234,oliviawalker
Liam,Allen,7777777777,liamallen@gmail.com,1234,liamallen
Ella,Scott,8888888888,ellascott@gmail.com,1234,ellascott
Noah,Collins,9999999999,noahcollins@gmail.com,1234,noahcollins
Ava,Hughes,1111111111,avahughes@gmail.com,1234,avahughes
James,Bell,2222222222,jamesbell@gmail.com,1234,jamesbell
Charlotte,Gonzalez,3333333333,charlottegonzalez@gmail.com,1234,charlottegonzalez
Mason,Mitchell,4444444444,masonmitchell@gmail.com,1234,masonmitchell
Sophia,Cooper,5555555555,sophiacooper@gmail.com,1234,sophiacooper
Logan,Flores,6666666666,loganflores@gmail.com,1234,loganflores
Emma,Young,7777777777,emmayoung@gmail.com,1234,emmayoung
William,Adams,8888888888,williamadams@gmail.com,1234,williamadams
Olivia,Wood,9999999999,oliviawood@gmail.com,1234,oliviawood
Liam,Howard,1111111111,liamhoward@gmail.com,1234,liamhoward
Ella,Gray,2222222222,ellagray@gmail.com,1234,ellagray
Noah,Kelly,3333333333,noahkelly@gmail.com,1234,noahkelly
Ava,Perez,4444444444,avaperez@gmail.com,1234,avaperez
James,Richardson,5555555555,jamesrichardson@gmail.com,1234,jamesrichardson
Charlotte,Perez,6666666666,charlotteperez@gmail.com,1234,charlotteperez
Mason,Scott,7777777777,masonscott@gmail.com,1234,masonscott
Sophia,Adams,8888888888,sophiaadams@gmail.com,1234,sophiaadams
Logan,Wright,9999999999,loganwright@gmail.com,1234,loganwright
Emma,Bell,1111111111,emmabell@gmail.com,1234,emmabell
William,Kelly,2222222222,williamkelly@gmail.com,1234,williamkelly
Olivia,Parker,3333333333,oliviaparker@gmail.com,1234,oliviaparker
Liam,Cook,4444444444,liamcook@gmail.com,1234,liamcook
Ella,Perez,5555555555,ellaperez@gmail.com,1234,ellaperez
Noah,Scott,6666666666,noahscott@gmail.com,1234,noahscott
Ava,Campbell,7777777777,avacampbell@gmail.com,1234,avacampbell
James,Ross,8888888888,jamesross@gmail.com,1234,jamesross
Charlotte,Hernandez,9999999999,charlottehernandez@gmail.com,1234,charlottehernandez
Mason,Collins,1111111111,masoncollins@gmail.com,1234,masoncollins
Sophia,Long,2222222222,sophialong@gmail.com,1234,sophialong
Logan,Bell,3333333333,loganbell@gmail.com,1234,loganbell
Emma,Walker,4444444444,emmawalker@gmail.com,1234, emmawalker
Ava,Butler,3333333333,avabutler@gmail.com,1234,avabutler
Lucas,Fisher,4444444444,lucasfisher@gmail.com,1234,lucasfisher
Isabella,Harrison,5555555555,isabellaharrison@gmail.com,1234,isabellaharrison
Mason,Gregory,6666666666,masonkelly@gmail.com,1234,masonkelly
Sophia,Henry,7777777777,sophiahenry@gmail.com,1234,sophiahenry
William,Rivera,8888888888,williamrivera@gmail.com,1234,williamrivera
Olivia,West,9999999999,oliviawest@gmail.com,1234,oliviawest
Benjamin,Coleman,1111111111,benjamincoleman@gmail.com,1234,benjamincoleman
Emma,Lawrence,2222222222,emmalawrence@gmail.com,1234,emmalawrence
Henry,Jenkins,3333333333,henryjenkins@gmail.com,1234,henryjenkins
Amelia,Mitchell,4444444444,ameliamitchell@gmail.com,1234,ameliamitchell
Michael,Wells,5555555555,michaelwells@gmail.com,1234,michaelwells
Mia,Stevens,6666666666,miastevens@gmail.com,1234,miastevens
James,Young,7777777777,jamesyoung@gmail.com,1234,jamesyoung
Evelyn,Webb,8888888888,evelynwebb@gmail.com,1234,evelynwebb
Harper,Simpson,9999999999,harpersimpson@gmail.com,1234,harpersimpson
Alexander,Collins,1111111111,alexandercollins@gmail.com,1234,alexandercollins
Charlotte,Watson,2222222222,charlottewatson@gmail.com,1234,charlottewatson
Daniel,Brooks,3333333333,danielbrooks@gmail.com,1234,danielbrooks
Avery,Fox,4444444444,averyfox@gmail.com,1234,averyfox
Ella,Porter,5555555555,ellaporter@gmail.com,1234,ellaporter
William,Peterson,6666666666,williampeterson@gmail.com,1234,williampeterson
Scarlett,Morales,7777777777,scarlettmorales@gmail.com,1234,scarlettmorales
James,Ortega,8888888888,jamesortega@gmail.com,1234,jamesortega
Sofia,Day,9999999999,sofiaday@gmail.com,1234,sofiaday
Liam,Richardson,1111111111,liamrichardson@gmail.com,1234,liamrichardson
Aria,Griffin,2222222222,ariagriffin@gmail.com,1234,ariagriffin
Logan,Carpenter,3333333333,logancarpenter@gmail.com,1234,logancarpenter
Luna,Warren,4444444444,lunawarren@gmail.com,1234,lunawarren
Oliver,Hunter,5555555555,oliverhunter@gmail.com,1234,oliverhunter
Eleanor,Shaw,6666666666,eleanorshaw@gmail.com,1234,eleanorshaw
Noah,Knight,7777777777,noahknight@gmail.com,1234,noahknight
Aurora,Hayes,8888888888,aurorahayes@gmail.com,1234,aurorahayes
Jackson,Fuller,9999999999,jacksonfuller@gmail.com,1234,jacksonfuller
Avery,Lucas,1111111111,averylucas@gmail.com,1234,averylucas
Sophie,Bryant,2222222222,sophiebryant@gmail.com,1234,sophiebryant
Elijah,Curtis,3333333333,elijahcurtis@gmail.com,1234,elijahcurtis
Hazel,Andrews,4444444444,hazelandrews@gmail.com,1234,hazelandrews
William,Kennedy,5555555555,williamkennedy@gmail.com,1234,williamkennedy
Grace,Holland,6666666666,graceholland@gmail.com,1234,graceholland
Mason,Spencer,7777777777,masonspencer@gmail.com,1234,masonspencer
Penelope,Sullivan,8888888888,penelopesullivan@gmail.com,1234,penelopesullivan
Alexander,Simon,9999999999,alexandersimon@gmail.com,1234,alexandersimon
Stella,Matthews,1111111111,stellamatthews@gmail.com,1234,stellamatthews
Carter,Clark,2222222222,carterclark@gmail.com,1234,carterclark
Violet,Murphy,3333333333,violetmurphy@gmail.com,1234,violetmurphy
Ethan,Watkins,4444444444,ethanwatkins@gmail.com,1234,ethanwatkins
Nova,Hanson,5555555555,novahanson@gmail.com,1234,novahanson
Jacob,Webster,6666666666,jacobwebster@gmail.com,1234,jacobwebster
Luna,Gilbert,7777777777,lunagilbert@gmail.com,1234,lunagilbert
Charlotte,Adams,8888888888,charlotteadams@gmail.com,1234,charlotteadams
Benjamin,Fisher,9999999999,benjaminfisher@gmail.com,1234,benjaminfisher
Emily,Ford,1111111111,emilyford@gmail.com,1234,emilyford
Lucas,Cameron,2222222222,lucascameron@gmail.com,1234,lucascameron
Aria,Keller,3333333333,ariakeller@gmail.com,1234,ariakeller
Henry,West,4444444444,henrywest@gmail.com,1234,henrywest
Harper,Brooks,5555555555,harperbrooks@gmail.com,1234,harperbrooks
Mia,Daniels,6666666666,miadaniels@gmail.com,1234,miadaniels
Jack,Wallace,7777777777,jackwallace@gmail.com,1234,jackwallace
Amelia,Harrison,8888888888,ameliaharrison@gmail.com,1234,ameliaharrison
Sebastian,Hudson,9999999999,sebastianhudson@gmail.com,1234,sebastianhudson
Evelyn,Fox,1111111111,evelynfox@gmail.com,1234,evelynfox
Alexander,Watson,2222222222,alexanderwatson@gmail.com,1234,alexanderwatson
Isabella,James,3333333333,isabellajames@gmail.com,1234,isabellajames
Mason,Owens,4444444444,masonowens@gmail.com,1234,masonowens
Ella,Stanley,5555555555,ellastanley@gmail.com,1234,ellastanley
Ethan,Reid,6666666666,ethanreid@gmail.com,1234,ethanreid
Scarlett,Ferguson,7777777777,scarlettferguson@gmail.com,1234,scarlettferguson
Daniel,Fletcher,8888888888,danielfletcher@gmail.com,1234,danielfletcher
Lily,Evans,9999999999,lilyevans@gmail.com,1234,lilyevans
Michael,Bryant,1111111111,michaelbryant@gmail.com,1234,michaelbryant
Sophia,Hayes,2222222222,sophiahayes@gmail.com,1234,sophiahayes
Grayson,Coleman,3333333333,graysoncoleman@gmail.com,1234,graysoncoleman
Zoe,Miller,4444444444,zoemiller@gmail.com,1234,zoemiller
Caleb,Newton,5555555555,calebnewton@gmail.com,1234,calebnewton
Aurora,Stone,6666666666,aurorastone@gmail.com,1234,aurorastone
Leo,Phillips,7777777777,leophillips@gmail.com,1234,leophillips
Avery,Ross,8888888888,averyross@gmail.com,1234,averyross
Ruby,Woods,9999999999,rubywoods@gmail.com,1234,rubywoods
Owen,Bell,1111111111,owenbell@gmail.com,1234,owenbell
Chloe,Parker,2222222222,chloeparker@gmail.com,1234,chloeparker
Ryan,Griffin,3333333333,ryangriffin@gmail.com,1234,ryangriffin
Madison,Weston,4444444444,madisonweston@gmail.com,1234,madisonweston
Samuel,Adams,5555555555,samueladams@gmail.com,1234,samueladams
Aubrey,Grayson,6666666666,aubreygrayson@gmail.com,1234,aubreygrayson
Elena,Spencer,7777777777,elenaspencer@gmail.com,1234,elenaspencer
Miles,Flynn,8888888888,milesflynn@gmail.com,1234,milesflynn
Adeline,Hart,9999999999,adelinehart@gmail.com,1234,adelinehart
Levi,Day,1111111111,leviday@gmail.com,1234,leviday
Nora,Harrison,2222222222,noraharrison@gmail.com,1234,noraharrison
Hudson,Campbell,3333333333,hudsoncampbell@gmail.com,1234,hudsoncampbell
Gabriella,Porter,4444444444,gabriellaporter@gmail.com,1234,gabriellaporter
Emmett,Hunter,5555555555,emmetthunter@gmail.com,1234,emmetthunter
Hannah,Murray,6666666666,hannahmurray@gmail.com,1234,hannahmurray
Austin,Greene,7777777777,austingreene@gmail.com,1234,austingreene
Eva,Cooper,8888888888,evacooper@gmail.com,1234,evacooper
Tyler,Hansen,9999999999,tylerhansen@gmail.com,1234,tylerhansen
Lucy,Reynolds,1111111111,lucyreynolds@gmail.com,1234,lucyreynolds
Eliana,Dixon,2222222222,elianadixon@gmail.com,1234,elianadixon
Gavin,Oliver,3333333333,gavinoliver@gmail.com,1234,gavinoliver
acob,Morales,4444444444,jacobmorales@gmail.com,1234,jacobmorales
Aria,Cruz,5555555555,ariacruz@gmail.com,1234,ariacruz
Wyatt,Ortega,6666666666,wyattortega@gmail.com,1234,wyattortega
Natalie,Hoffman,7777777777,nataliehoffman@gmail.com,1234,nataliehoffman
James,Harvey,8888888888,jamesharvey@gmail.com,1234,jamesharvey
Clara,Hernandez,9999999999,clarahernandez@gmail.com,1234,clarahernandez
Matthew,Marshall,1111111111,matthewmarshall@gmail.com,1234,matthewmarshall
Eleanor,Wright,2222222222,eleanorwright@gmail.com,1234,eleanorwright
Olivia,Smith,1111111111,oliviasmith@gmail.com,1234,oliviasmith
William,Johnson,2222222222,williamjohnson@gmail.com,1234,williamjohnson
Sophia,Jones,3333333333,sophiajones@gmail.com,1234,sophiajones
Logan,Brown,4444444444,loganbrown@gmail.com,1234,loganbrown
Emma,Davis,5555555555,emmadavis@gmail.com,1234,emmadavis
Michael,Miller,6666666666,michaelmiller@gmail.com,1234,michaelmiller
Ava,Wilson,7777777777,avawilson@gmail.com,1234,avawilson
Matthew,Taylor,8888888888,matthewtaylor@gmail.com,1234,matthewtaylor
Isabella,Anderson,9999999999,isabellaanderson@gmail.com,1234,isabellaanderson
James,Thomas,1111111111,jamesthomas@gmail.com,1234,jamesthomas
Oliver,Jackson,2222222222,oliverjackson@gmail.com,1234,oliverjackson
William,White,3333333333,williamwhite@gmail.com,1234,williamwhite
Charlotte,Harris,4444444444,charlotteharris@gmail.com,1234,charlotteharris
Amelia,Martin,5555555555,ameliamartin@gmail.com,1234,ameliamartin
Ethan,Thompson,6666666666,ethanthompson@gmail.com,1234,ethanthompson
Sophia,Garcia,7777777777,sophiagarcia@gmail.com,1234,sophiagarcia
Alexander,Martinez,8888888888,alexandermartinez@gmail.com,1234,alexandermartinez
Avery,Robinson,9999999999,averyrobinson@gmail.com,1234,averyrobinson
Mia,Clark,1111111111,miaclark@gmail.com,1234,miaclark
Elijah,Rodriguez,2222222222,elijahrodriguez@gmail.com,1234,elijahrodriguez
Harper,Lewis,3333333333,harperlewis@gmail.com,1234,harperlewis
Benjamin,Lee,4444444444,benjaminlee@gmail.com,1234,benjaminlee
Scarlett,Walker,5555555555,scarlettwalker@gmail.com,1234,scarlettwalker
Mason,Hall,6666666666,masonhall@gmail.com,1234,masonhall
Evelyn,Allen,7777777777,evelynallen@gmail.com,1234,evelynallen
Jacob,Young,8888888888,jacobyoung@gmail.com,1234,jacobyoung
Aria,Hernandez,9999999999,ariahernandez@gmail.com,1234,ariahernandez
Ella,King,1111111111,ellaking@gmail.com,1234,ellaking
Jackson,Wright,2222222222,jacksonwright@gmail.com,1234,jacksonwright
Liam,Lopez,3333333333,liamlopez@gmail.com,1234,liamlopez
Aurora,Hill,4444444444,aurorahill@gmail.com,1234,aurorahill
Noah,Scott,5555555555,noahscott@gmail.com,1234,noahscott
Elizabeth,Green,6666666666,elizabethgreen@gmail.com,1234,elizabethgreen
Aiden,Adams,7777777777,aidenadams@gmail.com,1234,aidenadams
Abigail,Baker,8888888888,abigailbaker@gmail.com,1234,abigailbaker
Lucas,Gonzalez,9999999999,lucasgonzalez@gmail.com,1234,lucasgonzalez
Harper,Nelson,1111111111,harpernelson@gmail.com,1234,harpernelson
Henry,Carter,2222222222,hencarter@gmail.com,1234,hencarter
Emily,Smith,3333333333,emilysmith@gmail.com,1234,emilysmith
James,Johnson,4444444444,jamesjohnson@gmail.com,1234,jamesjohnson
Ava,Williams,5555555555,avawilliams@gmail.com,1234,avawilliams
Michael,Jones,6666666666,michaeljones@gmail.com,1234,michaeljones
Sophia,Brown,7777777777,sophiabrown@gmail.com,1234,sophiabrown
William,Davis,8888888888,williamdavis@gmail.com,1234,williamdavis
Emma,Miller,9999999999,emmamiller@gmail.com,1234,emmamiller
Olivia,Wilson,1111111111,oliviawilson@gmail.com,1234,oliviawilson
Liam,Moore,2222222222,liammoore@gmail.com,1234,liammoore
Sophia,Taylor,3333333333,sophiataylor@gmail.com,1234,sophiataylor
Elijah,Brown,4444444444,elijahbrown@gmail.com,1234,elijahbrown
Aria,Martin,5555555555,ariamartin@gmail.com,1234,ariamartin
Mia,Thompson,6666666666,miathompson@gmail.com,1234,miathompson
Evelyn,Garcia,7777777777,evelyngarcia@gmail.com,1234,evelyngarcia
Jacob,Martinez,8888888888,jacobmartinez@gmail.com,1234,jacobmartinez
Avery,Robinson,9999999999,averyrobinson@gmail.com,1234,averyrobinson
Harper,Clark,1111111111,harperclark@gmail.com,1234,harperclark
Scarlett,Rodriguez,2222222222,scarlettrodriguez@gmail.com,1234,scarlettrodriguez
Aurora,Lewis,3333333333,auroralewis@gmail.com,1234,auroralewis
Noah,Lee,4444444444,noahlee@gmail.com,1234,noahlee
Elizabeth,Roberts,5555555555,elizabethroberts@gmail.com,1234,elizabethroberts
Lucas,Hall,6666666666,lucashall@gmail.com,1234,lucashall
Emily,Young,7777777777,emilyyoung@gmail.com,1234,emilyyoung
James,Allen,8888888888,jamesallen@gmail.com,1234,jamesallen
Ava,Hernandez,9999999999,avahernandez@gmail.com,1234,avahernandez
Sophia,King,1111111111,sophiaking@gmail.com,1234,sophiaking
William,Wright,2222222222,williamwright@gmail.com,1234,williamwright
Emma,Lopez,3333333333,emmalopez@gmail.com,1234,emmalopez
Oliver,Scott,4444444444,oliverscott@gmail.com,1234,oliverscott
Charlotte,Green,5555555555,charlottegreen@gmail.com,1234,charlottegreen
Aiden,Adams,6666666666,aidenadams@gmail.com,1234,aidenadams
Harper,Baker,7777777777,harperbaker@gmail.com,1234,harperbaker
Ethan,Gonzalez,8888888888,ethangonzalez@gmail.com,1234,ethangonzalez
Amelia,Nelson,9999999999,amelianelson@gmail.com,1234,amelianelson
Liam,Carter,1111111111,liamcarter@gmail.com,1234,liamcarter
Ava,Roberts,2222222222,avaroberts@gmail.com,1234,avaroberts
Sophia,Johnson,3333333333,sophiajohnson@gmail.com,1234,sophiajohnson
Oliver,Williams,4444444444,oliverwilliams@gmail.com,1234,oliverwilliams
Charlotte,Moore,5555555555,charlottemoore@gmail.com,1234,charlottemoore
Noah,Taylor,6666666666,noahtaylor@gmail.com,1234,noahtaylor
Elizabeth,Jackson,7777777777,elizabethjackson@gmail.com,1234,elizabethjackson
Lucas,White,8888888888,lucaswhite@gmail.com,1234,lucaswhite
Emily,Harris,9999999999,emilyharris@gmail.com,1234,emilyharris
James,Clark,1111111111,jamesclark@gmail.com,1234,jamesclark
Ava,Young,2222222222,avayoung@gmail.com,1234,avayoung
Sophia,Allen,3333333333,sophiaallen@gmail.com,1234,sophiaallen
William,Lee,4444444444,williamlee@gmail.com,1234,williamlee
Emma,Wright,5555555555,emmawright@gmail.com,1234,emmawright
Oliver,Green,6666666666,olivergreen@gmail.com,1234,olivergreen
Charlotte,Hall,7777777777,charlottehall@gmail.com,1234,charlottehall
Aiden,Lopez,8888888888,aidenlopez@gmail.com,1234,aidenlopez
Amelia,Scott,9999999999,ameliascott@gmail.com,1234,ameliascott
Liam,King,1111111111,liamking@gmail.com,1234,liamking
Ava,Lewis,2222222222,avalewis@gmail.com,1234,avalewis
Sophia,Baker,3333333333,sophiabaker@gmail.com,1234,sophiabaker
Oliver,Roberts,4444444444,oliverroberts@gmail.com,1234,oliverroberts
Charlotte,Gonzalez,5555555555,charlottegonzalez@gmail.com,1234,charlottegonzalez
Noah,Nelson,6666666666,noahnelson@gmail.com,1234,noahnelson
Elizabeth,Carter,7777777777,elizabethcarter@gmail.com,1234,elizabethcarter
Lucas,Adams,8888888888,lucasadams@gmail.com,1234,lucasadams
Emily,Hernandez,9999999999,emilyhernandez@gmail.com,1234,emilyhernandez
James,King,1111111111,jamesking@gmail.com,1234,jamesking
Ava,Wright,2222222222,avawright@gmail.com,1234,avawright
Sophia,Lee,3333333333,sophialee@gmail.com,1234,sophialee
William,Green,4444444444,williamgreen@gmail.com,1234,williamgreen
Emma,Hall,5555555555,emmahall@gmail.com,1234,emmahall
Oliver,Scott,6666666666,oliverscott@gmail.com,1234,oliverscott
Charlotte,White,7777777777,charlottewhite@gmail.com,1234,charlottewhite
Noah,Harris,8888888888,noahharris@gmail.com,1234,noahharris
Elizabeth,Clark,9999999999,elizabethclark@gmail.com,1234,elizabethclark
Lucas,Jackson,1111111111,lucasjackson@gmail.com,1234,lucasjackson
Emily,Moore,2222222222,emilymoore@gmail.com,1234,emilymoore
James,Roberts,3333333333,jamesroberts@gmail.com,1234,jamesroberts
Ava,Johnson,4444444444,avajohnson@gmail.com,1234,avajohnson
Sophia,Williams,5555555555,sophiawilliams@gmail.com,1234,sophiawilliams
Oliver,Young,6666666666,oliveryoung@gmail.com,1234,oliveryoung
Charlotte,Allen,7777777777,charlotteallen@gmail.com,1234,charlotteallen
Noah,Lee,8888888888,noahlee@gmail.com,1234,noahlee
Elizabeth,Clark,9999999999,elizabethclark@gmail.com,1234,elizabethclark
Lucas,Adams,1111111111,lucasadams@gmail.com,1234,lucasadams
Emily,Hernandez,2222222222,emilyhernandez@gmail.com,1234,emilyhernandez
James,King,3333333333,jamesking@gmail.com,1234,jamesking
Ava,Wright,4444444444,avawright@gmail.com,1234,avawright
Sophia,Lee,5555555555,sophialee@gmail.com,1234,sophialee
William,Green,6666666666,williamgreen@gmail.com,1234,williamgreen
Emma,Hall,7777777777,emmahall@gmail.com,1234,emmahall
Oliver,Scott,8888888888,oliverscott@gmail.com,1234,oliverscott
Charlotte,White,9999999999,charlottewhite@gmail.com,1234,charlottewhite
Noah,Harris,1111111111,noahharris@gmail.com,1234,noahharris
Elizabeth,Clark,2222222222,elizabethclark@gmail.com,1234,elizabethclark
Lucas,Jackson,3333333333,lucasjackson@gmail.com,1234,lucasjackson
Emily,Moore,4444444444,emilymoore@gmail.com,1234,emilymoore
James,Roberts,5555555555,jamesroberts@gmail.com,1234,jamesroberts
Ava,Johnson,6666666666,avajohnson@gmail.com,1234,avajohnson
Sophia,Williams,7777777777,sophiawilliams@gmail.com,1234,sophiawilliams
Oliver,Young,8888888888,oliveryoung@gmail.com,1234,oliveryoung
Charlotte,Allen,9999999999,charlotteallen@gmail.com,1234,charlotteallen
Noah,Lee,1111111111,noahlee@gmail.com,1234,noahlee
Elizabeth,Clark,2222222222,elizabethclark@gmail.com,1234,elizabethclark
Lucas,Adams,3333333333,lucasadams@gmail.com,1234,lucasadams
Emily,Hernandez,4444444444,emilyhernandez@gmail.com,1234,emilyhernandez
James,King,5555555555,jamesking@gmail.com,1234,jamesking
Ava,Wright,6666666666,avawright@gmail.com,1234,avawright
Sophia,Lee,7777777777,sophialee@gmail.com,1234,sophialee
William,Green,8888888888,williamgreen@gmail.com,1234,williamgreen
Emma,Hall,9999999999,emmahall@gmail.com,1234,emmahall



